life	人生	人生は道路のようなものだ。 一番の近道は、たいてい一番悪い道だ。	フランシス・ベーコン
life	人生	世の中は、君の理解する以上に栄光に満ちている。	G・K・チェスタートン
life	人生	生きるとは呼吸することではない。行動することだ。	ジャン＝ジャック・ルソー
life	人生	人生は学校である。 そこでは幸福より不幸の方が良い教師である。	フリーチェ
life	人生	人間、志を立てるのに遅すぎるということはない。	ボールドウィン
life	人生	生は永久の闘いである。 自然との闘い、社会との闘い、他との闘い、永久に解決のない闘いである。 闘え。闘いは生の花である。	大杉栄
life	人生	過去の成果で未来を生きることはできない。 人は一生何かを生み出し続けなければならない。	カール・ハベル
life	人生	人生は往復切符を発行していません。 ひとたび出立したら再び帰ってきません。	ローラン
life	人生	森の分かれ道では人の通らぬ道を選ぼう。すべてが変わる	フロスト
life	人生	人生において、万巻の書をよむより、 優れた人物に一人でも多く会うほうがどれだけ勉強になるか。	小泉信三
life	人生	「真相」は分からない。 それを無理に追うよりも、曖昧さの薄闇の中に、物事をおぼろなままで放置せよ。 そこにあるおぼろな形が人生なのだ。	伊藤聖
life	人生	人生の黄金時代は老いて行く将来にあり、 過ぎ去った若年無知の時代にあるにあらず。	林語堂
life	人生	思った通りの人生ではなかった。しかし、よかったとなら言える人生だったかもしれない。	アルセーヌ・メルセデス・ヒロコ
life	人生	平凡な人生こそ真の人生だ。 虚飾や特異から遠く離れたとことにのみ真実があるからだ。	フェーデラー
life	人生	人生のバッターボックスに立ったら、見送りの三振だけはするなよ。	小林繁
life	人生	人生はただ歩き回る影法師、哀れな役者だ。 出場の時だけ舞台の上で、見栄をきったりわめいたり、 そしてあとは消えてなくなる。	ウィリアム・シェイクスピア
life	人生	人生とは、 病人の一人一人が寝台を変えたいという欲望に取り憑かれている一個の病院である。	ボードレール
life	人生	もし人生が二回あればお母さんの言う通りに高校へ行くけど、 一回しかないんだから自分の自由にさせてください。	船木誠勝
life	人生	智に働けば角が立つ。情に棹せば流される。 意地を通せば窮屈だ。兎角にこの世は住みにくい。	夏目 漱石
life	人生	人間の死ぬのはいつも早すぎるか遅すぎるかよ。 でも一生はちゃんとけりがついてそこにあるのよ。 一本、線が引かれたからには総決算しなけりゃ。 あんたは、あんたの一生以外の何ものでもないのよ。	サルトル
life	人生	我々の一生の前半は親によって、後半は子供によって台無しにされる。	クラレンス・Ｓ・ダロウ
life	人生	迷ったらダメなんだな。 人生の答えなんて、考えたって分かるものじゃない。 ただ、そのときそのときを、 ぎりぎり一杯生きている奴だけにその答えは見えてくるんじゃないだろうか。	藤本義一
life	人生	我々は人生という大きな芝居の熱心な共演者だ。	カロッサ
life	人生	人生は一冊の書物に似ている。 馬鹿者たちはそれはパラパラとめくっているが、 賢い人間はそれを念入りに読む。 なぜなら、彼はただ一度しかそれを読むことが出来ないのを知っているから。	ジョン・パウル
life	人生	人間は負けたら終わりなのではない。辞めたら終わりなのだ。	リチャード・M・ニクソン
life	人生	乗りかけた船には、ためらわず乗ってしまえ。	ツルゲーネフ
life	人生	この道より、われを生かす道なし。この道を歩く。	武者小路 実篤
life	人生	状況？何が状況だ。俺が状況をつくるのだ。	ナポレオン・ボナパルト
life	人生	いつかできることは、すべて今日でもできる。	ミシェル・ド・モンテーニュ
life	人生	人生は、片手に幸福の黄金の冠を持ち、片手には苦痛の鉄の冠を持っている。 人生に愛されたものは、この二つの冠を同時に渡されるのだ。	ケー・エレン
life	人生	いい日は幾らでもある。手に入れるのが難しいのはいい人生だ。	アニー・ディラード
life	人生	人生にはただ三つの事件しかない。 生まれること、生きること、死ぬことである。 生まれるときは気がつかない。 死ぬときは苦しむ。 そして生きているときは忘れている。	ラ・ブリュイエール
life	人生	人生はどうせ一幕のお芝居なんだから。 あたしは、そのなかでできるだけいい役を演じたいの。	寺山修治
life	人生	人生を恐れてはいけない。 人生は生きるに値するものだと信じなさい。 その思いが、事実を作り出す手助けとなるであろう。	ウィリアム・ジェームズ
life	人生	あなたは弱さから逃げることはできない。 時には最後まで戦わなければならないし、死んでしまうこともある。 戦うなら、何故今でないのか、あなたは何処にいるのか？	ロバート・ルイス・スティーヴンソン
life	人生	運命が明日なにを決定するかを問うな。 瞬間こそ我々のものである。 さあ、瞬間を味わおうではないか！	リュッケルト
life	人生	生きるべきか死ぬべきか。それが疑問だ。	ウィリアム・シェイクスピア
life	人生	人生は決して、あらかじめ定められた、 すなわち、ちゃんとできあがった一冊の本ではない。 各人がそこへ一字一字書いていく白紙の本だ。 生きて行くそのことがすなわち人生なのだ。	大杉栄
life	人生	人生というのは矛盾から成り立っているものなんだ。 もしも、矛盾の中心にちゃんと止まるものなら、人生の意味が分かるはずだ。	サム・シェパード
life	人生	人間として一方弱いところがなかったら、人生は分からないでしょう。	長与善郎
life	人生	人生は外国語だ。 たいていの人間はそれを間違って発音する。	クリストファ・モレイ
life	人生	畏れることなく醜にも邪にもぶつかって見よう。 その底に何があるか。 もしその底に何もなかったら人生の可能性は否定されなければならない。	有島武郎
life	人生	自分の目標を達成している人、 あるいは今の自分に本当に満足している人には滅多に出会うものではない。 それなのに人生を左右するような問題の選択を大多数の意見に委ねるべきだろうか？	キングス・レイ・ウォード
life	人生	誤りを犯さなければ、人生は非常に面白いものである。	ジョルジュ・カルパンティエ
life	人生	馬で行くことも、車で行くことも、 二人で行くことも、三人で行くこともできる。 だが、最後の一歩は自分ひとりで歩かなければならない。	ヨハン・ヴォルフガング・フォン・ゲーテ
life	人生	人生で最も良いものというのは、決して配給されることはない。 友情、忠誠心、愛は、配給券を必要としないものである。	ジョージＴ．ヒューイット
life	人生	｢明日は、明日こそは｣と、 人はそれをなだめる。この「明日」が、彼を墓場に送り込むその日まで。	ツルゲーネフ
life	人生	私にとっては人生には美もなければロマンスもありません。 人生あるがままのものです。 そうして私は人生をあるがままに受け入れるつもりです。	バーナード・ショウ
life	人生	われわれの人生は織り糸で織られているが、良い糸も悪い糸も混じっている。	ウィリアム・シェイクスピア
life	人生	人生は何事もなさぬにはあまりにも長いが、 何事かをなすにはあまりにも短い。	中島敦
life	人生	人生とは、切符を買って軌道の上を走る車に乗る人には分からないものである。	ウィリアム・サマセット・モーム
life	人生	人生は全て次の二つから成り立っている。 したいけど、できない。できるけど、したくない。	ヨハン・ヴォルフガング・フォン・ゲーテ
life	人生	なんと速やかに我々はこの地上を過ぎて行くことだろう。 人生の最初の四分の一はその使い道もわからないうちに過ぎ去り、 最後の四分の一はまたその楽しさを味わえなくなってから過ぎて行く。 しかもその間の期間の四分の三は、 睡眠、労働、苦痛、束縛、あらゆる種類の苦しみによって費やされる。 人生は短い。	ジャン＝ジャック・ルソー
life	人生	ほがらかに死んでいくために、私は生きようと思う。	ゲレルト
life	人生	人生を喜びなさい。 なぜなら、人生は、愛し、働き、遊び、星を見つめるチャンスを与えてくれたのだから。	ヘンリー・ファン・ダイク
life	人生	人生は己を探す旅である。	藤本義一
life	人生	世の中には幸も不幸もない。ただ、考え方でどうにもなるのだ。	ウィリアム・シェイクスピア
life	人生	宴会と同じように、人生からも飲みすぎもせず、 喉が乾きもしないうちに立ち去ることが一番良い。	アリストテレス
life	人生	人はいつだって、いろいろなものにさよならを言わなければならない。	ピーター・ビーグル
life	人生	寒さにふるえた者ほど太陽を暖かく感じる。 人生の悩みをくぐった者ほど生命の尊さを知る。	ホイットマン
life	人生	一度だけの人生だ。だから今この時だけを考えろ。 過去は及ばず、未来は知れず。死んでからのことは宗教にまかせろ。	中村 天風
life	人生	「一体どれだけ努力すればよいか」という人があるが、 「君は人生を何だと思うか」と反問したい。努力して創造していく間こそ人生なのである。	御木徳近
life	人生	人間にとって大切なのは、 この世に何年生きているかということではない。 この世でどれだけの価値のあることをするかである。	O.ヘンリー
life	人生	薔薇はなぜという理由もなく咲いている。薔 薇はただ咲くべく咲いている。 薔薇は自分自身を気にしない。人が見ているかどうかも問題にしない。	シレジウス
life	人生	酒を飲め。こう悲しみの多い人生は眠るか酔うかしてすごしたほうがよかろう。	オマル・ハイヤーム
life	人生	まことに人生はままならなもので、 生きている人間は多かれ少なかれ喜劇的である。	三島由紀夫
life	人生	「僕はずっと山に登りたいと思っている。……でも明日にしよう」 おそらくあなたは永遠に登らないでしょう。	レオ・ブスカリア
life	人生	人生の真実は、美味で、恐ろしく、魅力的で、奇怪、甘くて、苦い。 そしてそれがすべてである。	A.フランス
life	人生	人は異郷に生まれてくる。 生きることは故郷を求めることだ。 考えることとは生きることだ。	ベルネ
life	人生	我々が誕生の日の受け取る人生は真の人生の前渡しに過ぎず、 真の人生は我々が一人で見つけねばならない。	P.ギュット
life	人生	千年後にも人間は 「ああ、人生はなんというつまらないものだろう！」 と嘆きつづけるにちがいない。 そしてまた同時に、今とまったく同じように死を恐れ、死ぬことをいやがるにちがいない。	チェーホフ
life	人生	人生には二つの悲劇がある。 一つは心の願いが達せられないこと。 もう一つはそれが達せられること。	バーナード・ショー
life	人生	一日は短い単位の一生、一生は長い単位の一日。 一日を一生の如く真剣に生き、一生を一日の如く気楽に生きたい。	岩淵 克郎
life	人生	人生を楽しむ秘訣は普通にこだわらないこと。 普通と言われる人生を送る人間なんて、一人としていやしない。 いたらお目にかかりたいものだ。	アインシュタイン
life	人生	他人のために暮らすのはもうたくさんだ。 せめてこのわずかな余生をみずからのために生きようではないか。	ミシェル・ド・モンテーニュ
life	人生	人生の目的に対する疑問は無限といってよいほどにしばしば提出されてきているが、 ついぞ満足できるような答えが与えられたことはない。 また、そのような答えはおそらく決して許されないものなのだろう。	フロイト
life	人生	人生は一頭の馬である。軽快なたくましい馬である。 人間はそれを騎手のように大胆に、しかも細心に取り扱わなければならない。	ヘルマン・ヘッセ
life	人生	安全な道を求める人は、 痛みを与えることのない義手義足に取り替えるために 自分の手足を切り離す人みたいなものである。	ヘンリー・ミラー
life	人生	わたしの人生をわたしはコーヒースプーンで測ってきた。	エリオット
life	人生	人生は、私たち一人一人が、それぞれの目を通して見ている映画です。 そこに何が起こっているのか、ということは大した違いはありません。 それをどのように受け取るかが重要なのです。	デニス・ウェイトリー
life	人生	私たちは他人を愛して生涯の半分を過ごし、 他人の文句を言って残りの半分を過ごす。	ジューベール
life	人生	深海にいきる魚のように自ら燃えなければどこにも光はない。	明石海人
life	人生	人間がこの世に存在するのは、 金持ちになるためでなく、 幸福になるためである。	スタンダール
life	人生	問題なのは人生ではなく、人生に対する勇気だ。	サー・ヒュー・ウォルポール
life	人生	僕は自分がなぜ生きていなければならないのか、 それが全然わからないのです。	太宰 治
life	人生	とにかくね、生きているのだからインチキをやっているのに違いないのさ。	太宰 治
life	人生	人生を明るいと思う時も、暗いと思う時も、 私は決して人生をののしるまい。	ヘッセ
life	人生	登山の目標は山頂と決まっている。 しかし、人生の面白さはその山頂にはなく、かえって逆境の、山の中腹にある。	吉川英治
life	人生	人は生きねばならぬ。 生きるためには戦わねばならぬ。 名は揚げねばならぬ。金はもうけねばならぬ。 命がけの勝負はしなければならぬ。	徳富蘆花
life	人生	この世で生きてゆくということは、損得勘定じゃあない。 短い一生なんだ、自分の生きたいように生きるほうがいい。	山本周五郎
life	人生	人生のおいて最も絶えがたいことは悪天候が続くことではなく、 雲一つ無い晴天が続くことである。	カール・ヒルティ
life	人生	生きる、それはじぶんの運命を発見することである。	アルサン・サラクルー
life	人生	人生はせいぜいのところ、強情な子供みたいなものだ。 寝ついてしまうまでは静かにさせておくために遊ばせたり、 少し機嫌を取ったりしなければならないが、眠り込めば心配はおしまいである。	W・テンプル
life	人生	自分が立っている所を深く掘れ。そこからきっと泉が湧きでる。	高山樗牛
life	人生	人生はつくるものだ。 必然の姿などというものはない。	坂口安吾
life	人生	人はその生涯の40年間で本文を著述し、 これにつづく30年間において、前者についての注釈を付加する。	ショーペンハウエル
life	人生	私は、人生の岐路に立った時、いつも困難なほうの道を選んできた。	岡本太郎
life	人生	人生が終わってしまうことを恐れてはいけません。 人生がいつまでも始まらない事が怖いのです。	グレース・ハンセン
life	人生	私達はいわば二回この世に生まれる。 一回目は存在するために、二回目は生きるために。	ジャン＝ジャック・ルソー
life	人生	私は賢明に思慮をめぐらし、愚かに行動し、一生の日々を送った。	グリルパルツァー
life	人生	私たちの人生は、私たちが費やした努力だけの価値がある。	モーリアック
life	人生	大文字ばかりで印刷された書物は読みにくい。 日曜日ばかりの人生もそれと同じだ。	ジョン・パウル
life	人生	人生は、私たちが人生とは何かを知る前にもう半分過ぎている。	W・E・ヘンリー
life	人生	平凡から非凡になるのは、 努力さえすればある程度の所まで行けるが、 それから再び平凡に戻るのが、難しい。	大西良慶
life	人生	生きる喜びとは主役を演じることを意味しない。	福田恒在
life	人生	この世に存在する数々の問題は、 その問題が発生したときと同じ考え方では解決できない。	アインシュタイン
life	人生	もし、人生に再版があるならば、私は改訂したい。	ジョン・クレア
life	人生	人生に執着する理由がない者ほど、人生にしがみつく。	エラスムス
life	人生	涙とともにパンを食べたものでなければ人生の味はわからない。	ヨハン・ヴォルフガング・フォン・ゲーテ
life	人生	すべての人間の一生は、神の手によって書かれた童話にすぎない。	アンデルセン
life	人生	人生における大きな喜びは、 君にはできないと世間がいうことをやることである。	ウォルター・バジョット
life	人生	自分の考えたとおりに生きなければならない。 そうでないと、自分が生きたとおりに考えてしまう。	ブールジュ
life	人生	青年よ、大志を抱け！ それは金銭に対してでも、自己の利益に対してでもなく、 また世の人間が名声と呼ぶあのむなしいものに対してでもない。 人間が人間として備えていなければならぬ、あらゆることをなし遂げるため、 青年よ大志を抱け。	W・S・クラーク
life	人生	人生は苦痛であり恐怖である。だから人間は不幸なのだ。 だが今では人間は人生を愛している。それは苦痛と恐怖を愛するからだ	フョードル・ドストエフスキー
life	人生	花に嵐のたとえもあるさ。さよならだけが人生だ	井伏 鱒二
life	人生	人生を越えた何かがあるとき、人生は美しくなる。	J．ドルメッソン
life	人生	何もかも失われた時にも、未来だけはまだ残っている。	ボビー
life	人生	私の人生は、一度もリハーサルのチャンスをもらえなかった公演のようなものです。	アシュレイ・ブリリアント
life	人生	私たち一人一人が航海しているこの人生の広漠とした大洋の中で、 理性は羅針盤、情熱は疾風。	Ａ・ポープ
life	人生	われわれは現在だけを耐え忍べばよい。 過去にも未来にも苦しむ必要はない。 過去はもう存在しないし、 未来はまだ存在していないのだから。	アラン
life	人生	人はだれしも、 自分自身の生涯を一人で生き、 自分自身の死を一人で死ぬものです。	ヤコブセン
life	人生	人生はマラソンなんだから、百メートルで一等をもらったってしょうがない。	石坂泰三
life	人生	もしも私がこの人生を繰りかえらねばならないとしたら、 私の過ごしてきた人生を再び繰り返したい。過去を悔やまず、未来を恐れもしないから。	ミシェル・ド・モンテーニュ
life	人生	今今と今という間に今ぞ無く 今という間に今ぞ過ぎ行く	道歌
life	人生	人生は物語のようなものだ。 重要なのはどんなに長いかということではなく、どんなに良いかということだ。	セネカ
life	人生	地上において、あなたの使命が終わったかどうかを知るテストをしてみよう。 もしもあなたがまだ生きているのであれば、それは終わっていない。	リチャード・バック
life	人生	終わり良ければすべて良し。	ウィリアム・シェイクスピア
life	人生	僕はどうやらこの世における一個の旅人に過ぎないようだ。 君たちとてそれ以上のものだろうか？	ヨハン・ヴォルフガング・フォン・ゲーテ
life	人生	私は儀礼上人生を受け入れる。 永久の反乱は自殺の崇高さと同様に悪趣味だからである。	E．M．シオラン
life	人生	人生は将棋のようなものだ。 自分の手中にあるものはチャンスではなく、駒の進め方だ。	P.テレンティウス
life	人生	私の人生というこの長い疾病。	ポープ
life	人生	人生は一箱のマッチに似ている。 重大に扱うのはばかばかしい。しかし重大に扱わなければ危険である。	芥川龍之介
life	人生	人生は短い。 たとえ、それを長いと思って過ごしている人たちにとっても。	A.モーロア
life	人生	人生とは、運命がなみなみと注がれている盃である。	ブラックロック
life	人生	我々の人生が素晴らしく、またうまく生きられるには、 我々がそれをはっきりと理解していたかどうかが重要なのではない。 ともすれば、我々が軽蔑しがちな方面から生活が豊かになることが多いのである。	テイヤール・ド・シャルダン
life	人生	僕もこうして人間に生まれてきたんだから、 やはり何か生きがいが感じられるまで生きている義務がある。	リンカーン
life	人生	10歳にして菓子に動かされ、20歳にしては恋人に、30歳にして快楽に、 40歳にしては野心に、50歳にしては貪欲に動かされる。 いつになったら人間はただ知性のみを追って進むようになるのであろうか。	ヨハン・ヴォルフガング・フォン・ゲーテ
life	人生	はたして人は、不徳なくして徳を、 憎しみなくして愛を、醜なくして美を考えることができるだろうか？ 実に悪と悩みのおかげで地球は住むにたえ、人生は生きるに値するのである。	アナトール・フランス
life	人生	この世は一冊の美しい書物である。 しかしそれを読めない人間にとっては何の役にも立たない。	ゴルドーニュ
life	人生	傷ついたのは、生きたからである。	高見順
life	人生	人生より難しき芸術はなし。 他の芸術学問には至るところに師あり	セネカ
life	人生	人生はそれを感ずる人間にとっては悲劇であり、考える人間にとっては喜劇である。	ラ・ブリュイエール
life	人生	人生とは、二気筒のエンジンで440馬力を出すことだ。	ヘンリー・ミラー
life	人生	あまり人生を重く見ず、捨て身になって何事も一心になすべし。	福沢 諭吉
life	人生	たとえ今日負けても、人生は続くのさ。	ミロスロフ・メチージュ
life	人生	一見して人生には何の意味もない。 しかし一つの意味もないということはあり得ない。	アインシュタイン
life	人生	それをやりにおれが生まれてきた。そのことだけを考えればよい。	ヘミングウェー
life	人生	貧しくとも、君の生活を愛したまえ	ソロー
life	人生	この世界は、大勢の人に愛読される絵本のようなものである。 ページをめくって一つ一つの絵を楽しむが、原文の一行もみんな読みはしない。	P.ハイゼ
life	人生	A弦が切れたら残りの三本の弦で演奏する。これが人生である。	フォスディック
life	人生	ゆうゆうと焦らずに歩むものにとって長すぎる道はない。 辛抱強く準備するものにとって遠すぎる利益はない。	ラ・ブリュイエール
life	人生	剣は折れた。だが私は折れた剣の端を握ってあくまで戦うつもりだ。	ド・ゴール
life	人生	ここには夜と昼とがある。 太陽と月と星がある。 荒地を渡る風ごときものがある。 人生は大変甘美なものだよ。 兄弟達よ。死のうなどとは愚かなことだよ。	ボロー
life	人生	我々の人生は我々の後にも前にも、側にもなく、我々の中にある。	プレヴェール
life	人生	自分こそ正しい、という考えが、 あらゆる進歩の過程で最も頑強な障害となる。 これほどばかげていて根拠のない考えはない。	Ｊ．Ｇ．ホーランド
life	人生	レモンを手に入れたらレモネードを作れ。 すっぱいからといって捨ててしまうな	ジュリアス･ローザンヴォルド
life	人生	男はあまりに早く人生を知りすぎ、女はあまりに遅く知りすぎる。	ワイルド
life	人生	我々は矛盾だけで生きている。 そして矛盾ゆえに人生は悲劇であり、勝利も勝利の望みもない永久の闘争である。 人生は矛盾なのである。	ウナムーノ
life	人生	人生は、10段変速の自転車のようなもの。 だれもが、自分がもっているものの大半は使っていないのです。	チャールズ・シュルツ
life	人生	人生は、ケチな心配事ばかりしているのには短すぎる。	Ｃ・キングスリー
life	人生	人の一生は曲がり角だらけだ。	山本周五郎
life	人生	人生は退屈すれば長く、充実すれば短い。	フリードリヒ・フォン・シラー
life	人生	素晴らしい人生、 それは青年時代に考えたことが壮年になってから実現されることである。	A.d.ヴィニー
life	人生	人生は苦しむためのものではない。 それはただ、一つの所から別の所へと穏やかに進んで行くものなのだ。 ちょうど、天気のよい日に谷間をゆっくり歩いてゆくように。	スチュアート・ワイルド
life	人生	人生の賭けで得をしようと損をしようと、 賭けるべき肉が一ポンドでも残っていれば、 私はそれを賭けるでしょう。	ロマン・ラマン
life	人生	一足跳びに山の頂上にあがるのも、 一歩一歩としっかりと登ってゆくのも、結局は同じこと。 むしろ一歩ずつ登るほうが途中の草木や風物を見ることができるし、 一歩一歩を慥（たし）かめてきたという自信をつかむことができる。	山本周五郎
life	人生	単独者として生まれ、群棲者として生活すること。 その矛盾の幅が私達の生の最初の幅である。	埴谷隆高
life	人生	おもしろき こともなき世を おもしろく すみなしものは 心なりけり	高杉晋作
life	人生	ある人に合う靴も、別の人には窮屈である。 あらゆるケースに適用する人生の秘訣などない。	カール・グスタフ・ユング
life	人生	人生の意義は偽をにくみ、真を愛することを学ぶにある。	ブラウニング
life	人生	愛されなかったということは生きなかったことと同義である。	ルー・サロメ
life	人生	人生は卒業後に自分からどれだけ能動的に働きかけたかで決まる。	小柴昌俊
life	人生	人生は列車のようなもの。時に遅く走ることは予測のうちだが、脱線だけは困る。	ウィリー・スタージェル
life	人生	人生はB級映画に似ている。 途中でやめようとは思わないが、二度と見ようと思わない	テッド・ターナー
life	人生	人生はトランプゲームに似ている。 配られた手は決定論を意味し、どう切るかはあなたの自由意志である	ジャワーハルラール・ネルー
life	人生	人生は後ろ向きにしか理解できないが、前向きにしか生きられない！	セーレン・キルケゴール
life	人生	人生は落丁の多い書物に似ている。一部を成すとは称しがたい。しかし、とにかく一部を成している。	芥川龍之介
life	人生	人生という字をどう読むか？ 人として生まれる、人として生きる、人を生かす、人を生む…、それが人生なんです。	野村 克也
life	人生	人生の大きな目的は知識ではなく行動にある。	トーマス・ハクスリー
life	人生	人生の目的は悟ることではありません。生きるんです。人間は動物ですから。	岡本太郎
life	人生	経験は最良の教師である ただし、授業料が高すぎる。	カーライル
life	人生	これがあなたの人生だ。リハーサルではない。	いしかわじゅんや
life	人生	人生とは今日一日のことである	デール・カーネギー
life	人生	生における悲劇は、 目標を達成しなかったことにあるのではない。 それは人生に目標を持たなかったことにある。	ベンジャミン・メイズ
life	人生	一杯の茶のためには、世界など滅んでもいい。	フョードル・ドストエフスキー
life	人生	人生３万日しかない	中川 翔子
life	死	死者にたいする最高の手向けは、悲しみではなく感謝だ。	レーントン･ワイルダー
life	死	どのみち死なねばならぬなら、 私は、なっとくして死にたいのだ。	梅崎 春生
life	死	我は生きようとする生命に取り巻かれた生きようとする生命だ。	アルベルト・シュバイツァー
life	死	人生は素晴らしいが、人生の終わりは死である。 これは、いかなる人の望みの究極でもある。	スウィンバーン
life	死	死者も我々がまったく忘れてしまうまで、本当に死んだのではない。	ジョージ・エリオット
life	死	あらゆる生あるものの目指すところは死である。	フロイト
life	死	人間が幸福の夢を追うときに犯す大きな過失は、 人間の生来から備わっているあの「死」という弱点を忘れてしまうことだ。	シャトー・ブリアン
life	死	人類はまだ未成年であり、死は一つの未成年者誘拐である。	ルイス・ニュセラ
life	死	人間一度しか死ぬことはできない。	ウィリアム・シェイクスピア
life	死	賢者は、生きられるだけ生きるのではなく、 生きなければいけないだけ生きる。	ミシェル・ド・モンテーニュ
life	死	人間、死ぬときは死ぬのがよい。	白隠
life	死	このお盆に生きている全部の人間は、単に今年度の生き残り分にすぎない。	吉川英治
life	死	人生において、諸君には二つの道が拓かれている。 一つは理想へ、他の一つは死へと通じている。	フリードリヒ・フォン・シラー
life	死	生まれたことは確かに我々の結果なのである。 死ぬということは問題外である。 生きることが我々の喜びであり、法則なのである。	サローヤン
life	死	我々は、大人も子供も、利口も馬鹿も、貧者も富者も、 死においては平等である。	ロレンハーゲン
life	死	死だけが唯一の本当の締め切りである。 生きている限り、学ぶべき事が未だある	エレン・スー・スターン
life	死	命というものは、はかないからこそ、 尊く、厳かに美しいのだ。	トーマス・マン
life	死	死ぬことはなんでもないが、 この世と別れるのが僕には辛い。	マルセル・パニョール
life	死	いくら長生きしても、最初の二十年こそ人生の一番長い半分だ。	ロバート・サウジー
life	死	人は死ぬ瞬間までも、 もしかしたら助かるかもしれないと空想し得る力を与えられている。	武者小路 実篤
life	死	死ぬということは、生きているよりいやなことです。 けれども、喜んで死ぬことが出来れば、くだらなく生きているよりは幸福なことです。	谷崎潤一郎
life	死	話好きが暖炉に背を向けるように、 人は死と背中合わせになっている。	ポール・ヴァレリー
life	死	死のうと思っていた。 今年の正月、よそから着物一反もらった。 お年玉としてである。着物の布地は麻であった。 鼠色の細かい縞目が織り込まれていた。これは夏に着る着物であろう。 夏まで生きていようと思った。	太宰 治
life	死	我々はときおり、 悪夢から目覚めた瞬間に自らを祝福することがある。 我々はおそらく、死んだその瞬間をみずから祝福することであろう。	N・ホーソン
life	死	死と太陽は直視することは不可能である。	ラ・ロシュフーコー
life	死	幕を降ろせ、喜劇は終わった。	ラブレー
life	死	天が私にあと十年の時を、いや五年の命を与えてくれるのなら、 本当の絵描きになってみせるものを。	葛飾北斎
life	死	死すべき時を知らざる人は、生くべき時を知らず。	ラスキン
life	死	死は存在しない。生きる世界が変わるだけだ。	ドゥワミッシュ族の格言
life	死	人生は夢である。死がそれを覚まさせてくれる。	ホジヴィリ
life	死	私は生きることが大好きだから、死を恐れない。 ただ、出来るだけ遅く死にたいだけだ。	ジョルジュ・シムノン
life	死	僕が死を考えるのは、死ぬためじゃない。生きるためなんだ。	マルロー
life	死	死が老人だけに訪れると思うのは間違いだ。 死は最初からそこにいる。	へルマン・ファイフェル
life	死	私が死んだとき、一匹の蝿がうなるのを聞いた。 部屋の中の静寂は、嵐の高まりの間の大気の静寂のようだった。	エミリ・ディキンスン
life	死	人間はまだ十分に幸福ではなかったからこそ死を恐れるのである。 最高の幸福に恵まれれば、すぐに死にたいと思う。	エンゼ
life	死	人生はほんの一瞬のことに過ぎない。 死もまたほんの一瞬である。	フリードリヒ・フォン・シラー
life	死	私は生きているときに、死以外のあらゆるものに対して備えをしていた。 今、私は死なねばならぬ。そして、まだなんの備えもない。	チェザーレ・ボルジャ
life	死	死ぬよりも、生きているほうがよっぽど辛いときが何度もある。 それでもなお生きていかねばならないし、また生きる以上は努力しなくてはならない。	榎本健一
life	死	人生が死より恐ろしいところでは、あえて生きることが最後たる真の勇気である。	トーマス・ブラウン
life	死	死を恐れることは、自分が賢くもないのに賢いと思うことと同じである。	クラウディウス
life	死	死の持つ恐怖はただ一つ。それは明日がないということである。	エリック・ホッファー
life	死	人生は山登りのようなものさ。 登っている間は人は頂上を見ている。 そして自分を幸せと感じるが、上に着いたが最後、たちまち下りが見える。 終わりが、死である終わりが、見える。	G.モーパッサン
life	死	生きたいと思わねばならない。 そして死ぬことを知らねばならない。	ナポレオン・ボナパルト
life	死	神はこの世の終わりを決めている。 だが我々は、その声を聴いてそれを避けることができる	キャサリン・ノリス
life	死	人はいつだって、いろいろなものにさよならを言わなければならない。	ピーター・ビーグル
life	死	神々が愛する人たちは若くして死ぬ。	メナンドロス
life	死	人生は旅行であって、死はその終焉である。	ドライデン
life	死	私たちは死の心配によって生を乱し、 生の心配によって死を乱している。	ミシェル・ド・モンテーニュ
life	死	私自身の一部分は恐怖と困惑ともって死をながめ、 他の一部分はまず好奇心から、 とりわけ美と愛が充実して現われるのをみたいとの渇望から、 死を望んでいる。	G．ティボン
life	死	このところずっと、私は生き方を学んでいるつもりだったが、 最初からずっと、死に方を学んでいたのだ。	ダ・ヴィンチ
life	死	天国はすごくいいところらしい。 だって、行った人が誰一人帰ってこないのだから。	作者不明
life	死	あたかも良く過ごした一日が、安らかな眠りをもたらすように、 良く生きられた一生は、安らかな死をもたらす。	レオナルド・ダ・ビンチ
life	死	昨日まで人のことかと思いしがおれが死ぬのかそれはたまらん	蜀山人
life	死	眠い人が眠るように、 瀕死の人は死を必要としているのです。 抵抗が間違いで無駄だというときが、いずれきますよ。	サルバドール・ダリ
life	死	死は生の対極としてではなく、その一部として存在する。	村上春樹
life	死	死の恐怖は、解決されない生の矛盾の意識にすぎない。	レフ・トルストイ
life	死	私はつらい人生より死を選ぶ。	アイスキュロス
life	死	自分の命を愛しても憎んでもいけない。 だが生きている限りは命を大切にするがよい。 長く生きるか短命に終わるかは天に任せるがよい。	ミルトン
life	死	死はありとあらゆる悲哀の週末なり。	チョウサー
life	死	人は、いつか必ず死ぬということを思い知らなければ、 生きているということを実感することもできない	M.ハイデッガー
life	死	人間的に言えば死にもよいところがある。 老いに決着をつけねばならないからだ。	ラ・ブリュイエール
life	死	臆病者は本当に死ぬまでに幾度も死ぬが、 勇者は一度しか死を経験しない。	ウィリアム・シェイクスピア
life	死	死ぬことは悪くない。死について考えることから解放してくれるから。	ジュール・ルナール
life	死	死は救いとは言いながら、そうは悟りきれぬものである。	大佛次郎
life	死	死んでみたところでなんの役に立つのだろうか？ まだ死ぬには早すぎる。 せっかく自分のために生まれてきたものを全部自分のものにしもせずに あの世に旅立つなんて、 果たして僕のすべきことだろうか。	S・D・コレット
life	死	墓場は、一番安上がりの宿屋である。	ラングストン・ヒューズ
life	死	我々は命あるものを、 使い古したら捨ててしまう靴や身の回りの品のように扱うべきではない。	プルタルコ
life	死	生きることは病であり、眠りはその緩和剤、死は根本治療。	ウェーバー
life	死	生きているということは一つの病気である。 誰もがその病気によって死ぬ。	ポール・モーラン
life	死	若いうちに自殺しなさい。そうすれば死を利用することができるでしょう。	ピエール・デプロージュ
life	死	生死などは何でもない、つまらない事柄なのだ。 ただ、生きていく態度が重要なのだ。	稲垣足穂
life	死	生涯をかけて学ぶべきことは、死ぬことである。	セネカ
life	死	最初の呼吸が死の始めである。	フラー
life	死	人生は一歩一歩、死に向かっている。	コユネイル
life	死	お前の人生が戯れにすぎなかったのなら、死はお前にとって真剣事であろう。 だが、お前が真剣に生きたのなら、死はお前にとって一つの戯れであろう。	クレッチマン
life	死	死は人生の終末ではない。 生涯の完成である。	ルター
life	死	死んで誰一人泣いてくれるものもないくらいでは、 生きがいのないものだね。	徳富蘆花
life	死	死とは、ピクニックのとき遠くに聞こえる稲妻の音。	Ｗ・Ｈ・オーデン
life	死	生は全ての人間を水平化するが、 死は傑出した人をあらわにする。	バーナード・ショー
life	死	死とは、私達に背を向けた、光のささない生の側面である。	リルケ
life	死	人は、自然の悪を知ることを学んで死を軽蔑し、 社会の悪を知ることを学んで生を軽蔑する。	シャンフォール
life	死	人間は九ヶ月かけて生きる準備を整えるが、 人間を死に導くには一瞬の間しか必要としない。	ローガウ
life	死	人間は、死ぬことを密かに望んだので戦争をしたのである。 自己保存の要求は極めて深いものかもしれないが、死への欲情はさらに深い。	C・ウィルソン
life	死	だって治療にはとても金がかかるよ。 だから、どうせ死ぬと決まっているなら、その金を蓄えておくほうがよい。	ルニャール（仏・喜劇作家）
life	死	人間は心の底ではまったく死を嫌悪していない。 死ぬのを楽しみにさえしている。消えてゆくランプに苦しみはないのである。	シャトーブリアン
life	死	花に嵐のたとえもあるさ。さよならだけが人生だ	井伏 鱒二
life	死	人はだれしも、 自分自身の生涯を一人で生き、 自分自身の死を一人で死ぬものです。	ヤコブセン
life	死	我々が誕生を喜び、葬式を悲しむのは何故か？ 我々がその当人でないからだ。	マーク・トウェイン
life	死	人間は、みんなに愛されているうちに消えるのが一番だ。	川端 康成
life	死	生まれた以上死なねばならぬ、 ということ以外確実なことはなし。	クリティアス
life	死	死を願望するものは惨めであるが、死を恐れるものはもっと惨めである。	ハインリヒ四世
life	死	虎は死して皮を残し、人は死して名を残す。 保険に入っていれば金を残す。	吉行淳之介
life	死	どこで死が我々を待っているか分からないのだから、 いたるところで待とうではないか。 死を予測するのは自由を予測することである。	ミシェル・ド・モンテーニュ
life	死	私達は生まれたとたん死にはじめている。	マリニウス
life	死	傷ついたのは、生きたからである。	高見順
life	死	誰でも死ななくちゃいけない。 でも私はいつも自分は例外だと信じていた。 なのに、なんてこった。	ウィリアム・サローヤン
life	死	もし本当に死の精髄を見たければ、 生の実体に向けて心をいっぱいに開きなさい。 なぜなら、川と海が一体であるように、生と死は一体だからである。	ジブラン
life	死	私の疲れた心よ。生きるということはなんと困難なことだろうか。	アミエル
life	死	死ぬ前に病気にならんことを決めたよ。 ぽっくり死ぬのが一番だ。	ソルジェニーツィン
life	死	死のことは考えるに及ばない。 死は我々が手を貸さなくても我々のことを考えてくれているのだから。	シェンキェーヴィチ
life	死	今年死ぬ者は、来年は死なずに済む。	シェイクスピア
life	死	最初に自殺しようと考えた人間は、人生を永遠に侮辱してしまったのである。 人生は大いに気を悪くしている。	ジョルジュ・ぺロ
life	死	私は神に会う覚悟はできている。 私と会見するという厳しい試練への準備が神の側でできているかどうかは別問題だが。	ウィンストン・チャーチル
life	死	命とは、セックスで感染した病気である。	ガイ・べラミイ
life	死	何故死を恐れるのか？ ――人生で最も美しい冒険だから。	フローマン
life	死	生きている兵士のほうが、死んだ皇帝よりずっと価値がある。	ナポレオン・ボナパルト
life	死	人は誰しも、一人で生き、一人で死ぬものである。	ヤコブセン
life	死	不幸な人間にとって、死とは無期懲役の減刑である。	アレクサンダー・チェイス
life	死	墓は、運命の嵐を防ぐ最良の砦である。	リヒテンベルグ
life	死	真理は瀕死の人の唇からもれる。	マシュー・アーノルド
life	死	人間は生きることが全部である。死ねば全てなくなる。	坂口安吾
life	死	やっぱ『死に方』より『生き方』だよな。	甲本 ヒロト
life	死	死ぬなら楽に死ぬ。 苦しむなら治る。 どっちかにしてもらいたい。 苦しんだ上に死ぬなんて理屈に合わぬ。	伊丹十三
life	時間	その日その日が一年中の最善の日である。	ラルフ・ワルド・エマーソン
life	時間	過去も未来も存在せず、あるのは現在と言う瞬間だけだ	レフ・トルストイ
life	時間	短い人生は時間の浪費によっていっそう短くなる。	サミュエル・ジョンソン
life	時間	相談するときには過去を、 享楽するときには現在を、 何かするときには未来を思うがよい。	ジュベール
life	時間	過去の否認は有害な態度である。 現在と戦い、未来を創造するには、 往々にして過去が最も有効な武器なのである。	ジュリアン・グリーン
life	時間	明日だ明日だ、今日はやめよう。 ――怠惰な人達がこういうのを聞くがいい。	ワイセ
life	時間	時間の価値を知れ。 あらゆる瞬間をつかまえて享受せよ。 今日出来る事を明日まで延ばすな。	チェスターフィールド
life	時間	最も難しい三つのことは、 秘密を守ること、 他人から受けた危害を忘れること、 暇な時間を利用すること。	M.キケロ
life	時間	時間こそ最も賢明な相談相手である。	ペリクレス
life	時間	明日はなんとかなると思う馬鹿者。 今日でさえ遅すぎるのだ。 賢者はもう昨日済ましている。	クーリー
life	時間	少年老い易く、学成り難し。一寸の光陰軽んずべからず。	朱子
life	時間	時はその使い方によって金にも鉛にもなる。	プレヴォ
life	時間	一番多忙な人間が一番多くの時間をもつ。	アレクサンドル・ビネ
life	時間	毎日自分に言い聞かせなさい。 今日が人生最後の日だと。 あるとは期待していなかった時間が驚きとして訪れるでしょう	ホラティウス
life	時間	未来のことは分らない。 しかし、我々には過去が希望を与えてくれるはずである。	チャーチル
life	時間	現在の一瞬はこの上なく素晴らしい一瞬である。 現在夕食に五分遅れることは、十年間の大きな悲しみより重要である。	サミュエル・バトラー
life	時間	時間の使い方の最も下手なものが、 まずその短さについて苦情をいう。	ラ・ブリューエール
life	時間	充実した一時間は忘却と不注意の数世紀より価値がある。	イオネスコ
life	時間	落し物の広告。 昨日、日の出から日の入りの間のどこかで、 それぞれ六十分のダイヤモンドをちりばめた貴重な時間を紛失。 なお、拾い主には賞金なし。永遠に失われしゆえ。	ホーリス・マン
life	時間	お前がいつか出会う災いは、 おまえがおろそかにしたある時間の報いだ。	ナポレオン・ボナパルト
life	時間	今日という一日は明日という二日分の値打ちを持っている。	フランクリン
life	時間	君、時というものは、 それぞれの人間によって、 それぞれの速さで走るものなのだよ。	ウィリアム・シェイクスピア
life	時間	私達は年齢を重ねるにつれて、 時間の価値をいっそう鋭く感じるようになる。 実際、時間以外のものはまるで大したものではないように映じてくる。 そしてこの点で、私達はいよいよ悲惨な人間になってくる。	ハズリット
life	時間	過去の記憶がお前に喜びを与えるときにのみ、 過去について考えよ。	オースティン
life	時間	過去のことは過去のことだといって片付けてしまえば、 それによって、我々は未来をも放棄してしまうことになる。	チャーチル
life	時間	時は万物を運び去る。心までも。	ウェルギリウス
life	時間	「珠玉の時間を無為に過ごさないように」と注意を受けたことがあるだろうか。 そうなのだが、無為に過ごすからこそ珠玉の時間となる時もある	J.M.バリー
life	時間	今日という日を自分自身のものと呼びうる人は幸せである。 いや、彼のみが幸せである。	ドライデン
life	時間	未来がどうなるか、あれこれと詮索するのをやめよ。 そして、時がもたらすものが何であれ、贈り物として受けよ。	ホラティウス
life	時間	過去と未来は最高によく思える。 現在の事柄は最高に悪い。	ウィリアム・シェイクスピア
life	時間	古き良き時代。全ての時代は古くなると良くなるもの。	バイロン
life	時間	遅くなっても全然行かないよりはマシだ。	リヴィ
life	時間	朝寝は時間の出費である。 しかも、これほど高価な出費は他にない。	カーネギー
life	時間	現在一つ持っているほうが、 未来において二つ持っているより値打ちがある。	ジャン・ド・ラ・フォンテーヌ
life	時間	「時」の歩みは三重である。 未来はためらいつつ近づき、 現在は矢のように速く飛び去り、 過去は永久に静かに立っている。	フリードリヒ・フォン・シラー
life	時間	時は友情を強めるが、恋愛を弱める。	ラ・ブリュイエール
life	時間	たった五分！畜生！私は一生を通して五分遅れ通しだった。	クーリー
life	時間	過ぎ去りし麗しき日々は、再び我が元に返り来たらず。	アルフレッド・テニソン
life	時間	将来を思い煩うな。 現在為すべきことを為せ。	アミエル
life	時間	この地上における二人の暴君、それは偶然と時間だ。	へルダー
life	時間	何をするにも時間は見つからないだろう。 時間が欲しければ自分で作ることだ。	チャールズ・バクストン
life	時間	時間を浪費するな、人生は時間の積み重ねなのだから。	ベンジャミン・フランクリン
life	時間	もしあなたが約束の時間より早く着いたら、あなたは心配性である。 もし遅れてきたら挑発家、 時間どうりに来れば強迫観念の持ち主。 もし来なかったら、知恵遅れという事になる。	アンリ・ジャンソン
life	時間	「時」をまねるがよい。「時」は一切のものをゆっくりと破壊する。 「時」はおもむろに浸蝕し、消耗させ、根こそぎにし、引き離す。 だが、ひったくることはない。	ジュベール
life	時間	未来はすでに始まっている。	ロベルト・ユンク
life	時間	過去は常に、今から見れば実際の過去より美しく思える。 過去が楽しいのは、過去が今ここにないからに過ぎない。	ピーター・フィンリー・ダン
life	時間	決して時計を見るな。 これは若い人に覚えてもらいたいことだ。	エジソン
life	時間	誠実に君の時間を利用せよ！ 何かを理解しようと思ったら、遠くを探すな。	ヨハン・ヴォルフガング・フォン・ゲーテ
life	時間	月日は百代の過客にして行かふ年も又旅人也。	松尾芭蕉
life	時間	真理は「時」の娘であり、権威の娘ではない。	フランシス・ベーコン
life	時間	今から一年も経てば、私の現在の悩みなど、およそくだらないものに見えることだろう。	サミュエル・ジョンソン
life	時間	流れ進むのはわれわれであって、時ではない。	レフ・トルストイ
life	時間	時間を最も有効に利用した者に、最も立派な仕事ができる。	嘉納 治五郎
life	青春	青春は何もかも実験である。	スティーブンソン
life	青春	若くても美しくなく、美しくてもわかくなければ、なんにもなりはしない。	ラ・ロシュフーコー
life	青春	駒鳥は巣立ちしてまもなく林の中を一直線に飛翔するという。 そして多くの若い駒鳥が樹木に衝突して地に落ちる。	奥紳平
life	青春	魂のこもった青春は、 そうたやすく滅んでしまうものではない。	カロッサ
life	青春	老人はあらゆる事を信じる。 中年はあらゆる事を疑う。 青年はあらゆる事を知っている。	ワイルド
life	青春	十六歳で美しいのは自慢にはならない。 でも六十歳で美しければ、それは魂の美しさだ。	M.ストープス
life	青春	もし私が神だったら、 私は青春を人生の終わりにおいただろう。	アナトール・フランス
life	青春	若い時われわれは学び、年をとってわれわれは理解する。	エッシェンバッハ
life	青春	青春とは、奇妙なものだ。 外部は赤く輝いているが、内部ではなにも感じられないのだ。	サルトル
life	青春	青春の特権といえば、一言も以ってすれば無知の特権であろう。	三島由紀夫
life	青春	二十歳のときに詩人であるものは、詩人ではなく、ただの人間にすぎない。 二十歳を過ぎて詩人であれば、そのときかれは詩人である。	ペギー
life	青春	青年は教えられることより刺激されることを欲するものである。	ヨハン・ヴォルフガング・フォン・ゲーテ
life	青春	ああ！青春！―― 人は一生に一時しかそれを所有しない。 残りの年月はただそれを思い出すだけだ。	A・ジイド
life	青春	青年は老人を阿呆だというが、 老人も青年を阿呆だと思っている。	ジョージ・チャップマン
life	青春	青春は単なる人生の花盛りではなく、 来るべき結実の秋への準備の季節である。	竹越与三郎
life	青春	酒飲みは自分では節酒していると思っているように、 青年たちはみずからを利口だと思いがちだ。	チェスター・フィールド
life	青春	青年たちは判断するよりも発明すること、 評議するよりも実行すること、 決まった仕事をするよりも新しい企てに適している。	フランシス＝ベーコン
life	青春	青春時代にさまざまな愚かさを持たなかった人間は、 中年になってからなんの力も持たないだろう。	J・A・コリンズ
life	青春	青春は短い。宝石の如くにしてそれを惜しめ。	倉田百三
life	青春	若い者も美しい。 しかし、老いたる者は若い者よりさらに美しい。	W・ホイットマン
life	青春	青春の時期は、いつの時代でも恥多く悩ましいものだ。 もう一度やれと言われてもお断りしたい。	吉行淳之介
life	青春	青春の夢に忠実であれ。	フリードリヒ・フォン・シラー
life	青春	青春期を何もしないで過ごすよりは、青春期を浪費する方がましである。	ジョルジュ・クルトリーヌ
life	青春	どんなに暑い陽が照りつけていても、ポケットに十円しかなくても、 僕は輝かしい気持ちで生きている。	奥浩平
life	青春	若さが幸福を求めるなどというのは、衰退である	三島由紀夫
life	青春	青春ほど死の翳（かげ）を負い、死と背中合せな時期はない。	坂口安吾
life	青春	金縷の衣は再び得べし。青春は再び得べからず。	王粲
life	青春	「青春が楽しい」というのは迷想である。 青春を失った人達の迷想である。	モーム
life	青春	僕は二十歳だった。 それが人生で一番美しい年齢だなどとは誰にも言わせまい。	ポール・二ザン
life	青春	青年は未来があるというだけで幸福である。	ゴーゴリ
life	青春	人は十五歳の時たくさんいろいろな事を考える。 そして人生の問題を殆ど発見する。 その後は、それに慣れて、だんだんにそれを忘れていく。	シャドンヌ
life	青春	若いときに苦い水を飲まなかったやつは、ひだちが悪いよ。	山本有三
life	青春	青春の失策は、壮年の勝利や老年の成功よりも好ましいものだ。	Ｂ・ディスレイリィ
life	青春	大多数の若者は、そのぶしつけと無作法を、 天真爛漫のつもりでいる。	ラ・ロシュフーコー
life	青春	青年よ、大志を抱け！ それは金銭に対してでも、自己の利益に対してでもなく、 また世の人間が名声と呼ぶあのむなしいものに対してでもない。 人間が人間として備えていなければならぬ、あらゆることをなし遂げるため、 青年よ大志を抱け。	W・S・クラーク
life	青春	青年は完全なるものは愛さない。 なぜなら、彼らの為すべき余地があまりにもわずかしか残っていないので、 彼を怒らせるか退屈させるからである。	ヴァレリー
life	青春	近頃の若い者云々という中年以上の発言は、 おおむね青春に対する嫉妬の裏返しの表現である。	梅崎 春生
life	青春	青年にすすめたいことは、ただ三語につきる。 すなわち働け、もっと働け、あくまで働け。	ビスマルク
life	青春	私も青春のことを懐かしみ、若い人を羨むことがあるが、 しかし、もう一度若くなって世の中を渡ってこなければならぬと思うと、 何よりも先に煩わしい思いがする。	正宗白鳥
life	青春	大人とは、裏切られた青年の姿である。	太宰 治
life	青春	青春は、誉められ過ぎる季節である春に似ている。	バトラー
life	青春	一般に青年が主張する内容は正しくない。 しかし、青年がそれを主張するそのこと自体は正しい。	ジンメル
life	青春	青春とは人生のある期間ではなく心の持ち方を言う。	サムエル・ウルマン
life	青春	ダイヤモンドの行商人がらってきて、 このダイヤモンドは永遠の輝きをどうのこうのって言うとるけど せいぜい百年しか生きられん人間に、 永遠の輝きを売りつけてどうするんじゃ。 俺らが欲しいのは今だけです。	甲本 ヒロト
life	処世	人付き合いがうまいというのは、人を許せるということだ。	ロバート・フロスト
life	処世	至上の処世術は、 妥協することなく適応することである。	ジンメル
life	処世	誰かが言いたいことを、自分が言わされる愚を避けよ	カリン・アイルランド
life	処世	人に好かれるための唯一の方法は、 畜生のなかで最も愚かなものの皮をかぶることである。	グラシアン
life	処世	オーケストラを先導しようとする者は聴衆に背を向けねばならない。	ジェームズ・クルーク
life	処世	状況？何が状況だ。俺が状況をつくるのだ。	ナポレオン・ボナパルト
life	処世	自転車は走ればこそ転倒しない。 要領の良い連中は、不安定な世の中を遊泳する。	アラン
life	処世	ある事を真剣に３時間考えて、 自分の結論が正しいと思ったら、 ３年かかって考えてみたところでその結論は変わらないだろう。	F.ローズヴェルト
life	処世	習慣は、最高の召使いか最悪の主人のいずれかである。	ナサニエル・エモンズ
life	処世	常に自分の中に答えを求めなさい。 周りの人や、周りの意見や、周りの言葉にまどわされていはいけません。	アイリーン・キャディ
life	処世	諸君は一緒にいる人々よりも、 けっして利口に思われてはならないし、 また、より物知りに見られてはいけない。	チェスター・フィールド
life	処世	私は決して拒絶しないし、決して反対しない。 忘れてしまうことは時々ある。	ディスレーリ
life	処世	最も賢い処世術は社会的因襲を軽蔑しながら、 しかも社会的因襲と矛盾せぬ生活をすることである。	芥川龍之介
life	処世	学校での成績がよいからといって、社会で認められるとは限らない	イソップ
life	処世	良薬は口に苦く、出る杭は打たれる習ひ。	平賀源内
life	処世	あなたが明日会う人々の四分の三は、 「自分と同じ意見の者はいないか」と必死になって探している。 この望みをかなえてやるのが、人に好かれる秘訣である。	D.カーネギー
life	処世	賢明に世俗的であれ、世俗的に賢明であれ。	クワールズ
life	処世	与えられたるものを受けよ。 与えられたるものを活かせ。	エピクテトス
life	処世	今日の一つは明日の二つに勝る。	フランクリン
life	処世	君と世間が戦う時は、君は世間の味方をしろ。	作者不明
life	処世	慣習とは反対の道を行け。そうすれば常に物事はうまくいく。	ジャン・ジャック・ルソー
life	処世	他人の厚顔無恥に腹が立つとき、ただちに自らに問うてみよ。「世の中に恥知らずの人間が存在しないということがありえようか」「ありえない」と答えるだろう。それならば、ありえぬことを求めるな。	アウレリウス
life	処世	世の中の人は何とも言わば言え。 我が成すことは吾のみぞ知る。	坂本龍馬
life	処世	他人の後ろから行くものは、けっして前進しているのではない。	ロマン・ロラン
life	処世	世界中の誰もが自分を称賛しても、 私は一人静かに満足して座っている。 世界中の誰もが私を見捨てても、 私は一人静かに座っている。	ホイットマン
life	処世	彼は人なり、我らも人なり、我何ぞ彼を畏れんや。	韓愈
life	処世	人は習慣を好む、 なぜならばそれを作ったのは自分だから。	バーナード.ショー
life	処世	千日の稽古を鍛とし、万日の稽古を練とす。	宮本武蔵
life	処世	おもしろき こともなき世を おもしろく すみなしものは 心なりけり	高杉晋作
life	処世	情報が多ければ判断が楽というものではない。	クラウゼウィッツ
life	処世	今から一年も経てば、私の現在の悩みなど、およそくだらないものに見えることだろう。	サミュエル・ジョンソン
life	孤独	自ら進んで求めた孤独や他者からの分離は、 人間関係から生ずる苦悩に対してもっとも手近な防衛となるものである。	フロイト
life	孤独	テレビという娯楽は、数百万人の人々に同じ冗談を聞かせながら、 それでいて各人を孤独のままに置く。	エリオット
life	孤独	孤独――訪ねるにはよい場所であるが、 滞在するのには寂しい場所である。	ヘンリー＝ショー
life	孤独	孤独はいいものだということを我々は認めざるを得ない。 しかし、 孤独はいいものだと話し合うことの出来る相手を持つことは一つの喜びである。	バルザック
life	孤独	人間元来一人で生まれて一人で死んでいくのである。 大勢の中に混じっていたからって孤独になるのは、わかりきったことだ。	田山花袋
life	孤独	私が孤独であるとき、私は最も孤独ではない。	マルクス・トゥッリウス・キケロ
life	孤独	一人では何も出来ぬ。 だが、まず誰かがはじめなければならぬ。	岸田国士
life	孤独	私を静かにさせておいてくれ。 私が静かにそっとしておれるものなら、いますぐにでも、全世界をだって、 タダの一文で売り渡したいくらいものだ。	フョードル・ドストエフスキー
life	孤独	孤独の寂しさが人間の心を静かに燃やしてくれる。	前田夕暮
life	孤独	光の街があるなどということは嘘だ。 世界が一つのかがり火になるなどということはない。 すべての人が自分の火を持ってるだけ、 孤独な自分の火を持っているにすぎない。	J・スタインベック
life	孤独	死は孤独であるかもしれない。 しかし、生きているほど孤独であるはずがない。	アクセル・ムンテ
life	孤独	私達は竹馬に乗っても何もならない。 なぜなら、竹馬に乗ってもやはり自分の足で歩かなければならないからである。 そして、世界で一番高い玉座に上っても、 やはり自分の尻の上に座っていることに変わりはない。	ミシェル・ド・モンテーニュ
life	孤独	孤独でいかに暮らすかを知らない者は、 忙しい群集の中でいかに忙しく暮らすかも知らない。	ボードレール
life	孤独	誰一人知る人もない人ごみの中をかき分けていくときほど、 強く孤独を感じるときはない。	ヨハン・ヴォルフガング・フォン・ゲーテ
life	孤独	生き物は全て孤独である。 そして人間は自らが孤独であることを最も良く知る者である。	E.アラン
life	孤独	孤独とは、港を離れ、海を漂うような寂しさではない。 本当の自己を知り、この美しい地球上に存在している間に、 自分たちが何をしようとしているのか、 どこに向かおうとしているのを知るためのよい機会なのだ。	アン・シャノン・モンロー
life	孤独	孤独は山になく、街にある。 一人の人間にあるのではなく、大勢の人間の”間”にある。	三木清
life	孤独	友情とは名ばかりのものだ。 私はどんな人間も愛さない。兄弟すら愛さない。 兄のジョセフだけは少し愛している。 ただし、それも習慣上からである。	ナポレオン・ボナパルト
life	孤独	我々はみな真理のために闘っている。 だから孤独なのだ。 寂しいのだ。しかし、だから強くなれるのだ。	イプセン
life	孤独	孤独はこの世で一番恐ろしい苦しみだ。 どんなに激しい恐怖も、みんながいっしょなら絶えれるが、 孤独は死に等しい。	ゲオルギウ
life	孤独	私達の一切の悩みは、 私達が孤独で存在し得ないということから生まれてくる。	ラ・ブリュイエール
life	孤独	孤独は厚い外套である。 しかし、心はその下で凍えている。	コルベンハイヤー
life	孤独	最高のものを求める人は、つねにわが道を行く。 人間は最高のものを決して共存しない。 幸福になろうとする人はまず孤独であれ。	ハーマーリング
life	孤独	世間一般の考えに従って生活することはごく易しい。 また、自分の事だけ考えて孤独の生活を送る事もごく易しい。 だが悟りを開いた人間とは、群集の真っ只中にありながらも、 自立の醍醐味を心ゆくまで味わうことのできる人間である。	ラルフ・ワルド・エマーソン
life	孤独	人生とは孤独であることだ。	ヘッセ
life	孤独	人はだれしも、 自分自身の生涯を一人で生き、 自分自身の死を一人で死ぬものです。	ヤコブセン
life	孤独	孤独は優れた精神の持ち主の運命である。	ショウペンハウエル
life	孤独	真の幸福は孤独なくしてはありえない。 堕天使が神を裏切ったのは、天使たちの知らない孤独を望んだために違いない。	チェーホフ
life	孤独	社会が性格にとって有益なものであると同じように、 孤独は想像力にとって有益なものである。	ローウェル
life	孤独	この世の中で一番強い人間とは、孤独で、ただ一人で立つ者なのだ！	H・イプセン
life	孤独	孤独が恐ろしいのは孤独そのもののためでなく、 むしろ孤独の条件によってである。	三木清
life	孤独	孤独に歩め…悪をなさず 求めるところは少なく…林の中の象のように	仏陀
life	孤独	霧の中をさすらうことの不思議さよ！生きるということは孤独であるということだ。 どんな人も他人を知らず、だれもかれも皆ひとりだ。	ヘルマン・ヘッセ
life	自由	人間の自由を奪うものは、悪法よりも暴君よりも、実に社会の習慣である。	Ｊ・Ｓ・ミル
life	自由	完全な自由というものは、 生きていても生きていなくてもまったく同じになったとき、はじめて得られるものなんです。	フョードル・ドストエフスキー
life	自由	互いに自由を妨げない範囲において、 我が自由を拡張すること、これが自由の法則である。	カント
life	自由	ほんとうに大切な自由はただ一つ、「経済的な自由」がそうだ。	モーム
life	自由	われわれの自由とは、今日、自由になるために戦う自由な選択以外のなにものでもない。	サルトル
life	自由	もし自由社会が貧しい多数の人たちを助けることができなければ、 富める少数の人々をも決して守り得ないであろう。	ジョン・Ｆ・ケネディ
life	自由	立法者にしろ革命家にしろ、平等と自由とを同時に約束する者は、 空想家か、さもなくば山師だ。	ヨハン・ヴォルフガング・フォン・ゲーテ
life	自由	山は動かざれども、海は常に動けり。 動かざるのは眠の如く、死の如し。しかも海は動けり。 常に動けり。これ不断の覚醒なり。不朽の自由なり。	石川啄木
life	自由	個人の自由もつぎの点では制限されねばならない。 つまりかれは外の人達にたいして厄介なものになってはいけない。	Ｊ・Ｓ・ミル
life	自由	人間を自由にできるのは、人間の理性だけである。 人間の生活は、理性を失えば失うほどますます不自由になる。	レフ・トルストイ
life	自由	自由であることは、自由であるべく呪われていることである。	サルトル
life	自由	アダムは自由が欲しかったから食べたのではなかった。 禁じられていたからこそ食べたのだ。	マーク・トゥエイン
life	自由	自由は山嶺の空気に似ている。どちらも弱い者にはたえることはできない。	芥川龍之介
life	自由	どんな政治的自由があっても、それだけでは飢えたる大衆を満足させない。	レーニン
life	自由	自由を放棄することは、人間としての資格を放棄することである。 人間としての権利を放棄することである。 すべてを放棄する人にとっては、いかなる補償もありえない。	ジャン＝ジャック・ルソー
life	自由	全くの自由は必然的に頽廃（たいはい）を意味する。	ハーバード・リード
life	自由	小さな一時の安全を買い取るために大切な自由を放棄する人間は、 自由を受けるのに値しない。	フランクリン
life	自由	人々が自由を叫ぶとき、彼等は放縦を意味するのだ。	ミルトン
life	自由	吾人は自由を欲して自由を得た。自由を得た結果、不自由を感じて困っている。	夏目 漱石
life	自由	人は自由を得たのち、いくらかの歳月を経過しないと、 自由を用いる方法を知らないものだ。	マコーレー
life	自由	人間は、時には自由であったり時には奴隷であったりすることはできないであろう。 人間は常に全面的に自由であるか、あるいは常に全面的に自由でないか、 そのいずれかである。	サルトル
life	自由	自由が生命・・・世界のどの民族よりも、 英国人は官僚的政治で支配されるのを承知しない民族だろう。 彼等の生命の血は自由だからである。	チャーチル
life	自由	他人の自由を否定するものは、自ら自由を受けるに値しない。	リンカーン
life	自由	人間は生まれたときは自由である。しかるに人間はいたる所で鉄鎖につながれている。	ジャン＝ジャック・ルソー
life	自由	私は人格をすべて表現するために自由を望む。	ガンディー [ガンジー]
life	自由	間違いを犯す自由が含まれていないのであれば、自由は持つに値しない。	ガンディー [ガンジー]
love	恋愛	心の底を傾けた深い交わりは禁物です。 愛情の紐は解けやすくしておいて、会うも別れるも自由なのがよいのです。	エウリーピデース
love	恋愛	大恋愛の経験のある者は友情を重んじない。	ラ・ブリュイエール
love	恋愛	恋愛は人を強くすると同時に弱くする。 友情は人を強くするばかりである。	ボナール
love	恋愛	恋愛とは美しい少女に出会い、 そしてその少女が鱈のように見えるのに気がつくまでの中間にある 甘美な休憩時間です。	ジョン・バリモア
love	恋愛	空は女の恋のようなものであり、海は男の恋のようなものである。 それぞれ下と上とで区切りに限界があることに気付かない。	モーリス・トンプソン
love	恋愛	恋愛とは二人で愚かになることだ。	ポール・ヴァレリー
love	恋愛	一人の男だけ見つめている女と 一人の男からいつも目をそらす女は、 結局似たようなものである。	ラ・ブリュイエール
love	恋愛	恋やセックス以外にも重要なものがあるんだ	ボブ・ディラン
love	恋愛	愛する女と一緒に日を送るよりは、愛する女のために死ぬ方がたやすい。	バイロン
love	恋愛	男がもっとも情を込めて愛している女は 必ずしも一番愛したいと思っている女ではない。	アンリ・ド・レニエ
love	恋愛	恋に肩をたたかれた時には、 常日頃は詩的な調べに耳をかさないような男でさえ詩人になるのだ。	プラトン
love	恋愛	恋をした後のもっとも大きな幸福は、自分の愛を告白することである。	ジード
love	恋愛	性本能なしにはいかなる恋愛も存在しない。 恋愛はあたかも帆船が風を利用するように、この粗野な力を利用する。	オルテガ・イ・ガセー
love	恋愛	女が男の友達になる順序は決まっている。 まずはじめが親友、それから恋人、そして最後にやっとただの友だちになる。	チェーホフ
love	恋愛	女というものは幸福な人間を愛することが出来るかどうか私には分からない。 愛する男に少しの憐れみも感じなかったような女は、 多分恋とはどういうものか知らない女であろう。	ルノルマン
love	恋愛	もしクレオパトラの鼻がもっと低かったなら、 世界史の表情は変わっていただろう。 人間のむなしさを知ろうとするなら、 恋愛の原因と結果とをよく眺めるがよい。	ブレーズ・パスカル
love	恋愛	恋の灯は時として友情の灰を残す。	アンリ・ド・レニエ
love	恋愛	恋愛の真の本質は自由である。	シェリー
love	恋愛	人が恋をしはじめた時は、生きはじめたばかりのときである。	スキュデリ
love	恋愛	嫉妬は常に恋と共に生まれる。 しかし必ずしも恋と共には滅びない。	ラ・ロシュフーコー
love	恋愛	恋をすることは苦しむことだ。 苦しみたくないなら、恋をしてはいけない。 でもそうすると、恋をしていないことでまた苦しむことになる。	ウディ・アレン
love	恋愛	恋愛においては、 恋したふりをする人のほうが本当に恋している人よりもずっとうまく成功する。	ランクロ
love	恋愛	恋は気がつかないうちにおとずれてくる。 われわれはただ、それが去っていくのをみるだけである。	ドブソン
love	恋愛	少しのきまじめさは恋愛においては結構だ。 しかしあまり真面目すぎては困る。それは重荷であり、快楽でなくなる。	ロマン・ロラン
love	恋愛	男は清らかな美にひかれるものだ。 あなたの巻毛を乱雑にしておきたもうな。	オヴィティウス
love	恋愛	恋は、できの悪い学者よりも数倍勝る人生の教師である。	アレクサンドリクス
love	恋愛	男は自分が幸福にしてやれる女しか愛さない。	アシャール
love	恋愛	恋と噂話はいちばんお茶を美味しくさせる。	フィールディング
love	恋愛	友人同士は未来を語り合わなくても未来に再会することを確信している。 恋人同士は絶えず未来を語り合うが、未来は彼らの恋愛には無い。	ボナール
love	恋愛	嫉妬は恋の姉妹である。 悪魔が天使の兄弟であるように。	ブーフレール
love	恋愛	我々の最も大きな誤りは彼女達が我々を愛していると信じていることではなく、 むしろ我々が彼女達を愛していると思いこんでいることである。	サシャ・ギトリ
love	恋愛	男というものは自分の愛している女を憎み、どうでもよい女を愛するものだ。	シュラッツラー
love	恋愛	男にとって愛は生活の一部だが、女にとって愛はその全部である。	バイロン
love	恋愛	私の愛人が他の男によって幸せになるのを見るくらいなら、 私はその女が不幸になるのを見たほうがマシだ。	ボワンスロ
love	恋愛	恋愛は人情の永久的な音楽であり、青年には希望を、老年には後光を与える。	スマイルズ
love	恋愛	恋というものはなんと恐ろしい情熱だろうか。 それなのに世間の嘘つきどもは、恋をあたかも幸福の源泉のように言っている。	スタンダール
love	恋愛	恋のチャンスは、 熟れている時にもがなければならない果物のようだ。 一度地から落ちたら二度とチャンスはないだろう。	ヴァレーヌ
love	恋愛	この社会に存在している恋愛は、 二つの気まぐれの交換と、二つの表皮の触れあいにすぎない。	シャンテフォール
love	恋愛	友情は静かな月のように、太陽の現れない前の大空に輝く。 だが、恋の光を受けるとすぐに色褪せてしまう。	リュナール侯爵
love	恋愛	恋愛というものは、振幅が大きくて、情熱の波に弄ばれます。 友情は静かで安定した流れを辿ります。	モーロア
love	恋愛	恋はうねぼれと希望の闘争だ。	スタンダール
love	恋愛	私がお前を愛するごとく、 お前も私を愛するならば、我々の恋を切り裂くナイフがあろうか。	キプリング
love	恋愛	愛とは、この女が他の女とは違うという幻想である。	Ｈ・Ｌ・メンケン
love	恋愛	ロマンを求める人間にとって、 恋はその人生の一番大切な位置を占め、 全てに優先される。	イネッサ・アルマンド
love	恋愛	恋とは巨大な矛盾であります。 それなくしては生きられず、しかもそれによって傷つく。	亀井勝一郎
love	恋愛	少女の恋は詩なり。年増の恋は哲学なり。	長谷川如是閑
love	恋愛	キスをするときに、目を閉じない女を信用するな。	Ｈ・Ｊ・ブラウン
love	恋愛	恋というのは一つの芝居なんだから、筋を考えなきゃだめだよ。	谷崎潤一郎
love	恋愛	恋ははしかと同じで、誰でも一度はかかる。	ジェローム
love	恋愛	恋愛は恋愛によって始まる。 従っていかに強い友情からも弱い恋にしか移行できない。	ラ・ブリュイエール
love	恋愛	若者よ恋をしろ、 身分やお金はないけれど、 恋すりゃ希望が湧いてくる。	関川逍市
love	恋愛	友情と恋愛とは人生の幸福を生み出す。 ちょうど二つの唇が、魂を有頂天にするキスを生みだすように。	ヘッベル
love	恋愛	恋というものは心から心に至るもっとも短い道である。直線である。	モーリス・ブデル
love	恋愛	恋の苦しみは、あらゆるほかの悦びよりずっと愉しい。	ドライデン
love	恋愛	初恋は、男の一生を左右する。	モロア
love	恋愛	恋愛の市場株価に、安定株は無い。	A・プレヴォ
love	恋愛	人生はチャンスだ。結婚もチャンスだ。恋愛もチャンスだと、 したり顔して教える苦労人が多いけれども、私はそうではないと思う。 私は別段、例の唯物論的弁証法に媚びるわけではないが、 少なくとも恋愛は、チャンスではないと思う。私はそれを意思だと思う。	大宰治
love	恋愛	ロマンチックな恋だけが恋ではありません。 本物の恋とは、オートミールをかき混ぜる行為のように平凡で当たり前なのです	ロバート・ジョンソン
love	恋愛	恋愛は常に不意打ちの形をとる。	立原正秋
love	恋愛	恋の悲しみを知らぬものに恋の味は話せない。	伊藤左千夫
love	恋愛	初恋とは少しばかりの愚かさとありあまる好奇心のことだ。	バーナード・ショー
love	恋愛	恋する男たちは泥棒と同様、はじめは用心するが、 次第に用心を忘れ、恋にとりつかれてしまう。	デュクロ
love	恋愛	友情が恋愛になるときには、二つの川のように混ざりあり、 有名なほうが他方の名を吸収する。	スキュデリー嬢
love	恋愛	分別を忘れないような恋は、そもそも恋ではない。	トーマス・ハーディ
love	恋愛	全ての場合を通じて、恋愛は忍耐である。	萩原朔太郎
love	恋愛	あの女が落とした扇子を拾え。 どうしたらよいか分からなくても構わないから。	エリュアール
love	恋愛	恋愛においては疑うよりもだますほうが先に立つ。	ラ＝ロシュフーコー
love	恋愛	恋は多く人生の苦痛を包むオブラートなり。	国木田独歩
love	恋愛	経験が役に立たないのは、特に恋愛の場合にはなはだしい。	レオトー
love	恋愛	情熱的に恋したことのない男には、 人生の半分――それも最も美しい半分が隠されている。	スタンダール
love	恋愛	残念なことに、私達は愛するものと戦わなければならない。 恋においても、母親としても。	コレット
love	恋愛	恋愛をして分かることの一つは、 時間というものは一定の速度で過ぎていかなければならぬということです。	吉行淳之介
love	恋愛	みずから苦しむか、もしくは他人を苦しませるか。 そのいずれかなしに恋愛というものは存在しない。	レニエ
love	恋愛	人は恋愛を語ることによって恋愛するようになる．	ブレーズ・パスカル
love	恋愛	恋は目で見ず、心で見るのだわ。	ウィリアム・シェイクスピア
love	恋愛	友情は多くは見せかけであり、恋は多くの愚かさにすぎない。	ウィリアム・シェイクスピア
love	恋愛	恋愛は幸福を殺し、幸福は恋愛を殺す。	ミゲル・デ・ウナムーノ・イ・フーゴ
love	恋愛	恋する男と女が一緒にいて、少しも退屈しないのは、 いつも自分たちの事だけを話題にしているからだ。	ラ・ロシュフーコー
love	恋愛	男は恋を恋することからはじめて、女を恋することで終わる。 女は男を恋することからはじめて、恋を恋することで終わる。	グールモン
love	恋愛	尊敬ということがなければ、真の恋愛は成立しない。	フィヒテ
love	恋愛	恋のいいところは、階段を上る足音だけであの人だって分かることだわ。	コレット
love	恋愛	いかに見栄えしない草でも春とともに花になるように、 人は恋することによってそれ自身を花咲かせる。	野上弥生子
love	恋愛	本を読んでも、物語や歴史に聞くところからでも、 真実の恋は滑らかに運んだためしがない。	ウィリアム・シェイクスピア
love	恋愛	まともな男は、三十歳すぎたら恋なんかしないね。 体のほうにガタがきはじめるから。	H・L・メンケン
love	恋愛	愛することにかけては、女性こそ専門家で、男性は永遠に素人である。	三島由紀夫
love	恋愛	男はどんな女といても幸福にいけるものです。彼女を愛さないかぎりは。	オスカー・ワイルド
love	恋愛	短い不在は恋を活気づけるが、長い不在は恋をほろぼす。	ミラボー
love	恋愛	女は初めてできた恋人をいつまでも離すまいとする。 第二の恋人が出来ないかぎり。	ラ・ロシュフーコー
love	恋愛	あなたは女だ。 だからこの世の中に愛ほど美しいものはないと思うに違いない。 しかし、私は男だ。いくらでもかわりの女を見つける。	イプセン
love	恋愛	一つのまなざし、一度の握手、 いくぶん脈のありそうな返事などによってたちまち元気付くのが 恋をしている男女なのだ。	モロア
love	恋愛	恋のことなら、どんなにロマンチックでもいいんです。	バーナード・ショー
love	恋愛	たいていの男は、割と簡単に｢愛してるよ」と言う。 しかし、本当に難しいのは「僕と結婚してくれるかい」と言わせることだ。	イルカ・チェイス
love	恋愛	ヘルメル 「男はだな、たとえ愛するもののためといえども、名誉を犠牲にすることはできんのだ！」 ノラ 「しかし幾千万の女それをしています」	イプセン
love	恋愛	恋愛は戦争のようなものである。はじめるのは簡単だがやめるのは困難である。	メンケン
love	恋愛	恋はスペインの宿に似ている。 あるものといえば自分が持ってきたものばかり。	メリット
love	恋愛	真面目に恋をする男は、 恋人の前では困惑し、拙劣であり、愛嬌もろくに無いものである。	カント
love	恋愛	男は目で恋をし、女は耳で恋に落ちる。	ワイアット
love	恋愛	恋愛が与えうる最大の幸福は、 愛する人の手をはじめて握ることである。	スタンダール
love	恋愛	若き日の恋なんてな、 老いたる男が老妻に抱く愛に比べたらまるで軽薄じゃよ。	ウィル･ディラント
love	恋愛	とことんまで恋したものは友情に手をつける。	ハイネ
love	恋愛	われわれを恋愛から救うのは理性よりも多忙である。	芥川竜之介
love	恋愛	恋は決闘です。もし右をみたり左をみたりしたら敗北です。	ロマン・ラマン
love	恋愛	女が男を愛するというときは、 男はたとえ彼女を愛していないくても聞いてやらねばならない。	ブローニング
love	恋愛	恋は結婚より楽しい。 それは小説が歴史より面白いのと同様である。	カーライス
love	恋愛	人はある恋を隠すこともできなければ、ない恋をよそおうこともできない。	サブレ夫人
love	恋愛	恋は、それが秘密でなくなるとともに、楽しみでなくなってしまう。	アラフ・ベーン
love	恋愛	男が他の女に恋をしたら、もうなんとも手のほどこしようがありません。 人生とはこんなものです。 どちらに罪があるといった性質のものでは無いんですもの。	イルダ
love	恋愛	短く笑って、長く泣く。それが恋の習いだ。	ガイベル
love	恋愛	恋とは甘い花のようなものである。 それをつむには恐ろしい断崖の端まで行く勇気が無ければならない。	スタンダール
love	恋愛	十人十色というからには、 心の数だけ恋の種類があってもいいんじゃないかしら。	レフ・トルストイ
love	恋愛	この世で一番重い物体は、もう愛していない女の体である。	ボーブナグル
love	恋愛	恋愛の誕生はあらゆる誕生と同じく「自然」の作品である。 愛の技術が介入するのはその後のことである。	モーロア
love	恋愛	恋の運命は目隠しゴッコの鬼のようなものだ。	グリボエードフ
love	恋愛	恋愛、それは神聖なる狂気である。	ルネサンス期の言葉
love	恋愛	男と交際しない女は次第に色褪せる。女と交際しない男は次第に阿呆になる。	アントン・チェーホフ
love	恋愛	恋人のいる人間に友情を注ごうとすることは、 喉の乾いている人間にパンを与えようとするようなものだ。	ムーア
love	恋愛	恋は富よりもはるかに強い。 けれど恋はその力を借りなければならない。	アベ・プレヴォ
love	恋愛	快楽の対象とされていないのは、愛されている女性である。	ボードレール
love	恋愛	恋は二人のエゴイズムだ。	アントワール・サール
love	恋愛	誠の恋をするものは、みな一目で恋をする。	ウィリアム・シェイクスピア
love	恋愛	女の口から出る「いいえ」は否定ではない。	シドニー
love	恋愛	恋愛の十分の九は愛する側にあって、 その十分の一が愛されている対象の側にある。	サンタヤーナ
love	恋愛	全ての偉大な恋愛のうちには母性愛がある。 真の女らしい女たちが男の力を愛するのは、男の弱さを知っているからである。	モロア
love	恋愛	恋人どうしのけんかは、恋の更新である。	テレンティウス
love	恋愛	初恋の魅力は、この恋がいつかは終わるということを知らないことだ。	ディズレーリー
love	恋愛	恋は愛らしい花であり、友情は甘い果実である。	コッツェブー
love	恋愛	安定は恋を殺し、不安は恋をかきたてる。	マルセル・ブルースト
love	恋愛	恋愛はただ性欲の詩的表現をうけたものである。	芥川龍之介
love	恋愛	恋愛はポタージュのようなものだ。 初めの数口は熱すぎ、最後の数口は冷めすぎている。	ジャンヌ・モロー
love	恋愛	初恋は純の醇（じゅん）なるものだ。 それきりで終わる人は誰よりも幸福な人だ。	厨川白村
love	恋愛	心がわりせぬことは、恋愛の妄想である。	ヴォーヴォナグル
love	恋愛	最初の一目で恋を感じないなら恋というものはないだろう。	マーロー
love	恋愛	女が君を愛すると誓っても、必ずしも信じるわけにはいかない。 しかし君を愛さないと誓った時にも、やはり信じすぎないほうがよい。	エズワール・ブールデ
love	恋愛	恋する女の最高の幸福は、 恋する男性によって彼自身の一部と認められることである。	ボーヴォワール
love	恋愛	二十代の恋は幻想である。 三十代の恋は浮気である。 人は四十代に達して、 初めて真のプラトニックな恋愛を知る。	ヨハン・ヴォルフガング・フォン・ゲーテ
love	恋愛	頭のいい人は恋が出来ない。恋は盲目だから。	寺田寅彦
love	恋愛	愛情と欲情が溶け合ったときには、 恋愛はほとんど友情に近い穏やかさをおびる。	アンリ・ド・レニエ
love	恋愛	ある一人の人間のそばにいると、 他の人間の存在など全く問題でなくなることがある。 それが恋というものである。	ツルゲーネフ
love	恋愛	人間は恋と革命のために生まれてきたのだ。	太宰 治
love	恋愛	恋愛では信じてもらうことが必要であり、 友情では洞察してもらうことが必要である。	ボナール
love	恋愛	恋は単純で原始的な行為である。それは闘争である。 それは憎しみである。恋には暴力が必要である。 相互の同意による恋愛は退屈な労役にすぎない。	アナトール・フランス
love	恋愛	男が女を愛する第一の条件は、 その女が自分の気に入るかどうか、ということである。 ところが女にあっては、もう一つの条件がいる。 それは、自分の選択が他人に気に入られるかどうかということである。	グールモン
love	恋愛	恋は小鳥のように小枝に止まり、歌を聞かせて人をうっとりさせる。 そして、恋が、飛び立つ翼を持っていることを忘れさせる。	ワトソン
love	恋愛	人はつねに初恋にもどる。	エチレンヌ
love	恋愛	恋は肉体を欲し、友情は心を欲する。	カンポアモール
love	恋愛	恋は愚か者の知恵であり、賢い者の愚行である。	Ｓ･ジョンソン
love	恋愛	甘い恋よ！ああ、お前が翼を持っていなければいいんだが……。	アイヒェンドルフ
love	恋愛	恋の病を癒す薬はいくつもある。しかしそれに間違いなく効く薬というものはない。	ラ・ロシュフコー
love	恋愛	恋愛というものは常に一時の幻影で、必ず亡（ほろ）び、さめるものだ、 ということを知っている大人の心は不幸だ。	坂口安吾
love	恋愛	期待なしに恋をするものだけが、誠の恋を知る。	フリードリヒ・フォン・シラー
love	恋愛	学問のある人間が大勢集まってあらゆる機械や薬品を考え出したが、 いまだに女性が原因で起こる病気の薬を考え出そうとした学者はいない。	チェーホフ
love	恋愛	友情と恋愛は一つの根から生えた二本の植物である。 ただ後者は花をすこしばかり多くもっているにすぎない。	Ｇ・クロップシュトック
love	恋愛	時間は友情を強めるが、恋愛を弱める。	ラ・ブリュイエール
love	恋愛	恋は罪悪ですよ。	夏目 漱石
love	恋愛	人が心から恋をするのはただ一度だけである。 それが初恋だ。	ブリュイエール
love	恋愛	人間は自分の恋していた時のことを思い出すと、 そのあいだには何一つ起こらなかったような気がするものだ。	モーリアック
love	恋愛	時は友情を強めるが、恋愛を弱める。	ラ・ブリュイエール
love	恋愛	月にむかって、 『そこにとどまれ！』などという者があろうか。 若い女の心にむかって 『一人を愛して心変わりせぬことだ』などという者があろうか。	プーシキン
love	恋愛	恋愛は永遠である。それが続いているかぎりは。	アンリ・ド・レニエ
love	恋愛	バラが刺の中に咲くように，恋は怒りの中に咲いて燃える．	アルント
love	恋愛	恋の口説は、できるだけくどくて、長いほうがよろしい。 女の心というものは、決して石でできあがっているものではないのだから。	ロ―ぺ・デ・べガ
love	恋愛	体のほうはわりと早く許すけど、心はなかなか許さない女もいる。	阿刀田高
love	恋愛	友情は永続的なものの感情を与え、恋愛は永遠的なものの感情を与える。 しかし、両者とも後に残るのものはエゴイズムだけである。	アンリ・ド・レニエ
love	恋愛	恋愛――患者を結婚させるか、 あるいはこの病気を招いた環境から引き移すことによって治すことができる 一時的精神異常。	A.ビアス
love	恋愛	古くなって値打ちが出るものを私は二つしか知らない。酒と恋する男である。	べガ
love	恋愛	ねえやさしい恋人よ私の惨めな運命をさすっておくれ	萩原朔太郎
love	恋愛	恋にとどめを刺すあらゆる手段の中で、 最も確かなのはその恋を満足させることである。	マリヴォー
love	恋愛	女と車の運転は似ている。いずれは衝突する。	バート・レイノルズ
love	恋愛	せつなる恋の心は尊きこと神のごとし	樋口一葉
love	恋愛	恋と戦争においてはあらゆる戦術が許される。	フレッチャー
love	恋愛	恋には二種類ある。 その一つは、人を誰でも見苦しいものにしてみせる"満たされない恋"であり、 他の一つは、人を誰でも白痴にする"満たされた恋"である。	コレット
love	恋愛	恋の悩みほど甘いものはなく、恋の嘆きほど楽しいものはなく、 恋の苦しみほど嬉しいものはなく、恋に苦しむほど幸福なことはない。	アルント
love	恋愛	恋をして恋を失った方が、 一度も恋をしなかったよりマシである。	テニソン
love	恋愛	恋愛は若いものの幸福な特権であり、老人の恥辱である。	シルス
love	恋愛	恋する男からみれば、プレゼントは自分の力を確実にする一つの手段である。	モーロア
love	恋愛	恋愛とはなにか。私は言う。それは非常に恥ずかしいものである。	太宰 治
love	恋愛	恋愛を一度もしなかった女はたびたび見つかるものだが、 恋愛を一度しかしない女はめったに見つからない。	ラ・ルシュフーコー
love	恋愛	軽い苦痛と浮気な恋だけが永い生命がある。	オスカー・ワイルド
love	恋愛	恋愛には四つの種類がある。情熱の恋、趣味の恋、肉体の恋、虚栄の恋。	スタンダール
love	恋愛	初恋に勝って人生に失敗するというのは良くある例で、 初恋は破れるほうがいいと言う説もある。	三島由紀夫
love	恋愛	どの女性も一生に一人、強くて責任感のある男性を必要とする。 この安全を手にすると、彼女は本当にしたいことに取りかかる事ができる。 すなわち、弱くて無責任な男と恋をするのだ。	リチャード・J・ニーダム
love	恋愛	恋は火と同じように絶えず揺れ動いてこそ保たれる。 期待したり、恐れなくなったりしたら、もうおしまいだ。	ラ・ロシュフ－コー
love	恋愛	宇宙をただ一人の者に縮め、ただ一人の者を神にまで広げること。 それが恋愛である	ユゴー
love	恋愛	われわれは恋愛を夢みるが、友情を夢みることはない。 夢みるのは肉体であるからだ。	ボナール
love	恋愛	恋が入ってくると、知恵が出ていく。	ローガウ
love	恋愛	恋の力は、身をもって恋を経験する時でなければわからない。	アベ・プレヴォ
love	恋愛	恋が強烈でないのは恋の自然に反しており、 恋が変わりなく続くのは、強烈であるべき恋の自然に反している。	ミシェル・ド・モンテーニュ
love	恋愛	恋が生まれるにはほんの少しの希望があれば十分です。	スタンダール
love	恋愛	恋人として男と女で違う点は、女は一日中恋をしていられるが、 男は時々しかしていられないという点だ。	モーム
love	恋愛	恋は炎であると同時に光でなければならない。	ソロー
love	恋愛	ほどほどに愛しなさい。長続きする恋はそういう恋だよ。	ウィリアム・シェイクスピア
love	恋愛	恋は熱病のようなのもである。 それは意思とは関係なく生まれ、そして滅びる。	スタンダール
love	恋愛	若者よ恋をしろ､身分やお金はないけれど､恋すりゃ希望が湧いてくる。	関口峭市
love	恋愛	恋人どうしのけんかは、恋の更新である。	テレンティウス
love	恋愛	恋する者には､恋の相手がいつもひとりぽっちのように見える｡	ウォルター・ベンヤミン
love	恋愛	心優しくあたたかい男性こそが、 真に男らしい頼りになる男性なのだと気づくとき､ たいていの女はもうすでに年老いてしまっている	池田理代子
love	恋愛	頭のいい人は恋ができない。恋は盲目だから。	寺田寅彦
love	恋愛	女性の愛というものは、相手に自分を捧げることによって完成され､男性の愛は相手から奪うことによって完成される｡	[詳細]
love	恋愛	男女の仲というのは、夕食を二人っきりで三度して、それでどうにかならなかったときはあきらめろ。	小津安二郎
love	恋愛	情熱の持続時間は、その女性が最初に示した抵抗の大きさに比例する。	オレノ・ド・バルザック
love	恋愛	短い不在は恋を活気づけるが、長い不在は恋を滅ぼす。	オノーレ・ミラボー
love	恋愛	男の人って、一度女を愛したとなると、その女のためなら何だってしてくださるでしょ。 たった一つ、してくださらないもの、それはいつまでも愛しつづけるってことよ。	オスカー・ワイルド
love	恋愛	世の中に言いきれることってねえが。 でも恋愛は絶対素晴らしいと言いきるよ	甲本 ヒロト
love	恋愛	初恋の最大の魅力は、 「恋がいつかは終わる」ということを知らない点にある。	ディズレーリ
love	恋愛	いかに見栄えしない草でも春とともに花になるように、人は恋することによってそれ自身を花咲かせる	野上弥生子
love	結婚	恋は人を盲目にするが、結婚は視力を戻してくれる。	リヒテンベルグ
love	結婚	ねえ、あなた。話をしながらご飯を食べるのは楽しみなものね。	永井荷風
love	結婚	男と女が結婚したときには、彼らの小説は終わりを告げ、彼らの歴史が始まるだろう。	ロミュビリュズ
love	結婚	結婚なんてつまらない。 死ぬまで夫婦の約束を守らなくちゃならないんだもの。 そんなバカげた約束を誰ができて？明日どんな風が吹くか、神様だってご存知ないわ。	ミア・ファロー
love	結婚	妻を選ぶのはネクタイを買うのとよく似ている。 選んだ時は素敵に見えるが、家に帰って首に締めてみるとがっかりする。	ジョイ・アダムス
love	結婚	結婚とは、熱病とは逆に、発熱で始まり悪寒で終わる。	リヒテンベルグ
love	結婚	女には、どうしてもわからないテーマが一つある。 男は仕事に注ぐだけの熱情をなぜ家庭にそそげないのか、ということだ。	Ｄ・デックス
love	結婚	結婚をしないで、なんて私は馬鹿だったんでしょう。 これまで見たものの中で最も美しかったものは、 腕を組んで歩く老夫婦の姿でした。	グレタ・ガルボ
love	結婚	男と女というこうも違った、また複雑な人間の間で、互いに良く理解しあい、 ふさわしく愛するために一生を費やして長すぎるということはない。	コント
love	結婚	三週間互いに研究しあい、 三ヶ月間愛し合い、 三年間喧嘩をし、 三十年間我慢しあう。 そして子供達が同じことをまた始める。	テーヌ
love	結婚	結婚するやつは馬鹿だ。しないやつは――もっと馬鹿だ。	バーナード・ショー
love	結婚	夫が妻にとって大事なのは、ただ夫が留守の時だけである。	フョードル・ドストエフスキー
love	結婚	結婚へは歩け。離婚へは走れ。	ユダヤの格言
love	結婚	恋のない結婚のあるところには、 結婚のない恋が生まれることだろう。	フランクリン
love	結婚	結婚は一切のものを呑み込む魔物と絶えず戦わなくてはならない。 その魔物とはすなわち―――習慣のことだ。	バルザック
love	結婚	ずいぶん敵を持ったけど、 妻よ、お前のようなやつははじめてだ。	バイロン
love	結婚	よい女房をもらおうと思ったら、ダンスの輪の中から選ばずに、 畑で働いている女性の中から選ばなくてはならない。	プリボイ
love	結婚	離婚は事実において結婚の破壊ではない。 むしろ、結婚を維持する第一条件である。	バーナード・ショー
love	結婚	結婚とはセルフサービスの食事のようなものだ。 自分の欲しい料理を選んだ後で、隣りの人たちのお皿の中身を見る。 そして、どうして自分は彼らと同じ物を選ばなかったのだろうと自問するのである。	J・ドラークル
love	結婚	男にとっても、結婚はしばしば一つの危機である。 その証拠に、多くの男性精神病患者は婚約期間中、 もしくは結婚生活の初期に生まれる。	ボーヴォワール
love	結婚	恋と結婚は同じ故郷に生まれた仲でありながらほとんど結びつくことはない。	バイロン
love	結婚	人は無我夢中に急いで結婚するから一生悔いることになる。	モリエール
love	結婚	男と女とが結婚したときには、 彼らの小説は終わりを告げ、彼らの歴史が始まる。	ロミュビルュス
love	結婚	結婚は、多くの短い愚行を終わらせる。一つの長い愚鈍として。	ニーチェ
love	結婚	よい結婚はあるけれども、楽しい結婚はめったにない。	ラ・ロシュフコー
love	結婚	結婚は顔を赤くするほど嬉しいものでもなければ、恥ずかしいものでもないよ。	夏目 漱石
love	結婚	結婚とは、ただ一人のために残りの人々をすべて断念せねばならぬ行為である。	ムーア
love	結婚	できるだけ早く結婚することは女のビジネスであり、 できるだけ結婚しないでいることは男のビジネスである。	バーナード・ショー
love	結婚	結婚生活をいくらでもほめたたえてよい。しかし自分自信は独身でいたまえ。	フィールディング
love	結婚	結婚したらいろいろ分かってきますよ。いままでは半分謎だったことが。	モーツァルト
love	結婚	あらゆる人智の中で結婚に関する知識が一番遅れている。	バルザック
love	結婚	結婚生活に幸福を期待しすぎて、失望しないように気をつけなさい。 ウグイスは春に2、3ヶ月だけは鳴くが、卵をかえしてしまうと、 あとはずっと鳴かないものだ。	トーマス・フェラー
love	結婚	結婚するとき、私は女房を食べてしまいたいほど可愛いと思った。 今考えると、あのとき食べておけばよかった。	アーサー・ゴッドフリー
love	結婚	もし人生をやり直すのだったら、私は結婚しないでしょう。	チェーホフ
love	結婚	あなたがもし孤独を恐れるのならば、結婚すべきではない。	チェーホフ
love	結婚	結婚生活を末永く導いてゆくものは、普通の意味での恋愛でもなく、 また情痴の世界でもなく、それらを経た後に来る慈悲 ――人間のあるがままの姿への愛情であろう。	亀井勝一郎
love	結婚	結婚――いかなる羅針盤もかつて航路を発見したことのない荒海。	ハイネ
love	結婚	結婚は雪景色のようなものである。 はじめはきれいだが、やがて雪解けしてぬかるみができる。	山本有三
love	結婚	結婚の契約をしてからでなければ恋をしないというのは、 小説を終わりから読み始めるようなものである。	モリエール
love	結婚	女はみんな結婚するほうがいい、 男は一人も結婚しない方がいい。	ベンジャミン・ディズレーリ
love	結婚	女房に愛される技術というものは発明されないものだろうか。	ラ・ブリュイエール
love	結婚	結婚は夫、または妻によって創り出されるものではなく、 逆に夫と妻とが結婚によって創られるのだ。	マックス・ピカート
love	結婚	不本意な結婚をした男にとって、彼女は妻ではない。敵だ。	プラウトウス
love	結婚	結婚は死と同じである。取り越し苦労は無用である。	ヘラルド
love	結婚	女性が結婚するのには大きな理由がある。 男性が結婚する理由は一つもない。 群棲欲が彼らを結婚させるだけのことである。	モンテルラン
love	結婚	結婚の幸福は、まったく運次第ですもの。 お互いに気心がわかっていても、 前もって似ていても、そんなことで幸せが増すというわけのものじゃないわ。	J.オースティン
love	結婚	結婚を尻込みする人間は、戦場から逃亡する人間と同じだ。	R・L・スティーブンソン
love	結婚	恋する人のために食事の支度をしている女の姿ほど、胸打つものはない。	T・ウルフ
love	結婚	結婚生活――この寂しい海原を乗り越えて行く羅針盤はまだ発見されていない。	イプセン
love	結婚	夫婦が長続きする秘訣だって？ それは、一緒にいる時間をなるべく少なくすることさ。	ポール・ニューマン
love	結婚	女は二種類に分けられる。 結婚だけを夢見ている独身の女性と離婚だけを夢見ている既婚の女に。	ジョルジュ・エルゴジィ
love	結婚	とにもかくにも結婚せよ。 もし君が良い妻を得るならば、君は非常に幸福になるだろう。 もし君が悪い妻を持つならば哲学者となるだろう。 そしてそれは誰にとってもよいことなのだ。	ソクラテス
love	結婚	結婚とは誰もが犯さなければならない過ちである。	ジョージ･ジュセル
love	結婚	結婚前には両目を大きく開いて見よ。結婚してからは片目を閉じよ。	フラー
love	結婚	結婚するのは、二人とも他に身の振り方がないからである。	チェーホフ
love	結婚	一度結婚してしまうと、善良であること以外には何事も、 そう、自殺でさえも残されていない。	スティーブンソン
love	結婚	結婚はデザートよりスープが美味しいコース料理である。	オーマリー
love	結婚	常に賢明な人間でありたいと思うなら、決して結婚はしてはならない。 結婚というものは、 ウナギをつかもうと思って、蛇の入っている袋に手を入れるようなものだ。 結婚するくらいなら、まだ痛風にでもかかったほうがマシだ。	メレジコフスキー
love	結婚	長いこと結婚指輪が活躍してくれましたわ。 誘惑からも守ってくれました。 パーティーでは夫と何度も思い出させてくれ、もう帰る時間よとうながしてくれました。 夕食のお相手をホッとさせたこともありますし、 産科の病室では結婚指輪がステータスシンボルでした。	エルマ・ボンベック
love	結婚	結婚は、ほとんどすべての人が歓迎する悪である。	メナンドロス
love	結婚	恋は結婚より楽しい。 それは小説が歴史より面白いのと同様である。	カーライス
love	結婚	朝夕の食事はうまからずともほめて食うべし。	伊達正宗
love	結婚	人間は今だかつて結婚に満足したことがない。 たとえ結婚する当人同士が満足していても、他の人間が満足しないのである。	サーバー
love	結婚	結婚式もお葬式も同じようなものです。 違うのは、もらったお花の香りを自分でかげることくらいよ。	グレース・ハンセン
love	結婚	孤独が怖ければ結婚するな。	チェーホフ
love	結婚	男はみんな賭博師だ。でなきゃ結婚なんてしやしない。	フレデリック・リット
love	結婚	幸福な結婚というのは、 いつでも離婚できる状態でありながら、 離婚したくない状態である。	大庭みな子
love	結婚	男は結婚によって女の賢を知り、女は結婚によって男の愚を知る。	長谷川如是閑
love	結婚	その女性がもし男であったならきっと友達に選んだろう、 と思われるような女でなければ妻に選んではいけない。	ジュベール
love	結婚	急いで結婚する必要はない。 結婚は果物と違って、いくら遅くても季節はずれになることはない。	レフ・トルストイ
love	結婚	従順な妻というものは、夫に従うことで夫を支配する。	パブリアス・サイラス
love	結婚	一人でいるとき、女たちがどんなふうに時間をつぶすものか。 もしそれを男たちが知ったら、男たちは決して結婚なんてしないだろう。	O・ヘンリー
love	結婚	四ヶ月の交際が一生を保証するだろうか？	ジャン＝ジャック・ルソー
love	結婚	最上の男は独身者の中にいるが、最上の女は既婚者の中にいる。	スチーブンソン
love	結婚	結婚する前、 男はあなたの言った言葉を夜中にあれこれと考えて一晩眠れずに過ごすが、 結婚した後は、あなたの話がまだ終わらないうちに眠ってしまうものなんです。	ヘレン・ローランド
love	結婚	現代では一回では上手く結婚できることは決してない。 やり直す必要がある。	アルフレッド・カピュ
love	結婚	いいや、君にはろくなことはないよ。 結婚をしてみろ、君はせっかくの青春を滅ぼすだけの話さ。	プーシキン
love	結婚	結婚とは、その主人公が第一章で死んでしまう小説のようなものである。	出典不明
love	結婚	夫と妻の、どちらに離婚の責任があったのか？ どちらにもあったのだ。あるいは、どちらにも無かったのである。	メレジコフスキー
love	結婚	女が再婚する場合は先夫を嫌っていたからで、 男が再婚する場合は先妻を熱愛していたからだ。 女は運を試し、男は運を賭けるのだ。	ワイルド
love	結婚	金のために結婚するものは悪い人間であり、 恋のために結婚するのは愚かな人間である。	サミュエルジャクソン
love	結婚	結婚するとは、彼の権利を半分にして、義務を二倍にすることである。	ショーペンハウアー
love	結婚	夫が浮気していると思った妻の80％は、 結局、それが事実だと知らされます。	アィリアム・カッツ
love	結婚	結婚したまえ、君は後悔するだろう。 結婚しないでいたまえ、君は後悔するだろう。	キルケゴール
love	結婚	結婚生活とはいわば冷蔵庫のようなものである。 冷蔵庫に入っている限られた素材で、 いかにおいしいご馳走を作り出すか、それに似ている。 決して、他人の冷蔵庫を羨ましがらないことだ。	柴門ふみ
love	結婚	人は急いで結婚し、暇になってから後悔する。	ウィリアム・コングリーヴ
love	結婚	結婚生活で一番大切なものは忍耐である。	チェーホフ
love	結婚	離婚は進んだ文明にとって必要である。	モンテスキュー
love	結婚	愛は結婚の夜明けであり、結婚は愛の日没である。	フィード
love	結婚	愛はしばしば結婚の果実である。	モリエール
love	結婚	すべての悲劇というものは死によって終わり、 すべての人生劇は結婚をもって終わる。	バイロン
love	結婚	人間は判断力の欠如によって結婚し、 忍耐力の欠如によって離婚し、 記憶力の欠如によって再婚する。	アルマン・サラクルー
love	結婚	離婚はきわめて自然なもので、 多くの家では毎晩、それが夫婦の間に寝ている。	シャンフォール
love	結婚	同棲するために結婚し、三人家族になるのを避けるために離婚する。	アンドレ・プレヴォ
love	結婚	愛情がこもっていて無口な人こそ、人生の伴侶としてふさわしい。	亀井勝一郎
love	結婚	女性にとって満足のいくただ一つの運命は、幸福な結婚である。	モンテルラン
love	結婚	男は退屈から結婚し、女は好奇心から結婚する。そして双方とも失望する。	ワイルド
love	結婚	結婚というのは宝くじのようなものだ。 ただし当たらなかったからってその券を破り捨てるわけにはいかない。	F.M.ノールズ
love	結婚	独身者とは妻を見つけないことに成功した男である。	アンドレ・プレヴォー
love	結婚	人間の一生のあらゆる行動のうちで、 結婚は他人に関係することの最も少なきものである。 だがそれはまた、あらゆる行動の中で他人に干渉されることの最も多きものである。	セルデン
love	結婚	亀の肉がさまざまな肉の味わいを持っているのと同じく、 結婚もまたいろいろと変わった味を持っている。 そして、亀が歩みののろい動物であるのと同じく、 結婚もまた足取りののろいものである。	キュルケゴール
love	結婚	日曜学校のクラスに金髪の美しい少女がいた。 私は一目ぼれだった。妻となった今も私の気持ちは変わっていない。	ハリー・Ｓ・トルーマン
love	結婚	男どもは結婚を神聖だなどという。 それこそ神をも人をもあざむく台詞というものだ。 そしていつでも、その台詞の迷惑をこうむるのは、 純潔無垢な、理想の女性とでも言うべき乙女なのだ。	アルツィバイシェフ
love	結婚	愛情のない結婚は悲劇だ。 しかしまるっきり愛情のない結婚よりいっそう悪い結婚が一つある。 それは、愛情はあるが片一方にだけ、という場合だ。	オスカー・ワイルド
love	結婚	結婚する。 まだ多少は愛したりもできる。 そして働く。 働いて働いて、そのあげく愛することを忘れてしまうのである。	アルベール・カミュ
love	結婚	結婚をしばしば宝くじにたとえるが、それは誤りだ。 宝くじなら当たることもあるのだから。	バーナード・ショウ
love	結婚	正しい結婚の基礎は相互の誤解にある。	ワイルド
love	結婚	結婚は多くの苦痛を持つが、独身生活は喜びを持たない。	アレティーノ
love	結婚	あらゆる真面目なことのなかで、結婚というやつが一番ふざけている。	ボーマルシュ
love	結婚	同じ生活を営み、 お互いに愛し合っている二人の人間が、 どの点までお互いに謎であり、 城壁をめぐらしていることができようか。	ジード
love	結婚	私の業績の中で最も輝かしいことは、 妻を説得して私との結婚に同意させたことである。	ウィンストン・チャーチル
love	結婚	多くの女性を愛した人間よりも、 たった一人の女性だけを愛した人間のほうが、 はるかに深く女というものを知っている。	レフ・トルストイ
love	結婚	結婚は鳥カゴのようなものだ。 カゴの外の鳥は餌箱をついばみたくて中へ入りたがり、 カゴの中の鳥は空を飛びたくて外へ出たがる。	ミシェル・ド・モンテーニュ
love	結婚	神が同棲を発明した。悪魔は結婚を発明した。	フランシス・ピカビア
love	結婚	結婚前には両眼を大きく開いて見よ。結婚してからは片目を閉じよ。	トーマス・フラー
love	結婚	愛する者と一緒に暮らすには一つの秘訣がいる。すなわち、相手を変えようとしないことだ。	シャルドンヌ
love	結婚	金のために結婚するものは悪い人間であり、恋のために結婚するのは愚かな人間である。	サミュエル・ジョンソン
love	愛	どんなに愛しているかを話すことができるのは、 すこしも愛してないからである。	ペトラルカ
love	愛	愛の光なき人生は無意味である。	フリードリヒ・フォン・シラー
love	愛	愛は最高の奉仕だ。みじんも、自分の満足を思ってはいけない。	太宰 治
love	愛	愛することによって失うものは何もない。 しかし、愛することを怖がっていたら、何も得られない。	B.d.アンジェリス
love	愛	情念は過度でなければ美しくありえない。 人は愛しすぎないときには十分に愛していないのだ。	ブレーズ・パスカル
love	愛	真実の愛は幽霊のようなものだ。 誰もがそれについて話をするが、それを見た人はほとんどいない。	ラ・ロシュフコー
love	愛	頼むから黙って、ただ愛させてくれ。	ジョン・ダン
love	愛	愛情には一つの法則しかない。それは愛する人を幸福にすることだ。	スタンダール
love	愛	愛する人に本当のことを言われるよりも、 だまされているほうがまだ幸せなときがある。	ラ・ロシュフーコー
love	愛	一緒に泣いた時に、 はじめてお互いがどんなに愛し合っているのかが分かるものだ。	エミール・デシャン
love	愛	愛する――それはお互いに見つめ合うことではなく、 いっしょに同じ方向を見つめることである。	サン・テグジュペリ
love	愛	愛されているという驚きほど、神秘的な驚きはない。 それは人間の肩に置かれた神の指だ。	チャールズ・モーガン
love	愛	愛情とはからだとからだをよせて、さむさをあたためあうことなのだ。	金子光晴
love	愛	愛することとはほとんど信じることである。	ユゴー
love	愛	惚れるのは状態であり、愛するのは行為である。	ルージュモン
love	愛	魅力あるもの、キレイな花に心を惹かれるのは、誰でもできる。 だけど、色あせたものを捨てないのは努力がいる。 色のあせるとき、本当の愛情が生まれる。	遠藤周作
love	愛	あまりしつこくつきまとわれる愛は、ときに面倒になる。 それでもありがたいとは思うがね。	ウィリアム・シェイクスピア
love	愛	もはや愛してくれない人を愛するのは辛いことだ。 けれども、自分から愛していない人に愛されるほうがもっと不愉快だ。	ジョルジュ・クールトリーヌ
love	愛	一生涯ひとりの異性を愛することは、 一本の蝋燭が生涯燃えることと同じである．	L・N・トルストイ
love	愛	愛は惜しみなく与う。	レフ・トルストイ
love	愛	二人のうちどちらかがいるところには、いつも二人ともいるんだよ。	へミングウェイ
love	愛	人生で一番楽しい瞬間は、誰にも分からない二人だけの言葉で、 誰にも分からない二人だけの秘密や楽しみを、ともに語り合っている時である。	ヨハン・ヴォルフガング・フォン・ゲーテ
love	愛	口先だけで「愛してる」と言われても簡単に無視できるけど、 態度で示されると、ついほだされてしまう。	スタンレー・ムーニーハム
love	愛	会って、知って、愛して、 そして別れていくのが幾多の人間の悲しい物語である。	コールリッジ
love	愛	あなたは愛するもののために死ねるか。	曽根綾子
love	愛	最初のキスを笑いながら交わして、いざ別れるとなっても、 しんみりとやさしい話をして別れるのが、一番安全でいい。	シュニツラー
love	愛	人が天から心を授かっているのは、人を愛するためである。	ボワロー
love	愛	相手の話に耳を傾ける。 これが愛の第一義務だ。	ポール・ネイリッヒ
love	愛	愛とは相手に変わることを要求せず、 相手をありのままに受け入れることだ。	ディエゴ・ファブリ
love	愛	夜の静けさのなかで、わたしは千の人々の喝采より、 愛する人からの一言、二言が欲しくなるわ。	ジョディ・ガーランド
love	愛	彼が夕食に遅れるときは、 浮気しているか死んで道端に転がっているかのどっちかなのよ。 道端でくたばっているほうがいい、といつも思ったわ。	ジェシカ・タンディム
love	愛	18歳では即座に崇拝し、20歳では愛し、30歳では欲情し、40歳では反省する。	コック
love	愛	ラブレター…… 青年は急いで読み、壮年はゆっくり読み、老人は読みなおす。	アンドレ・プレヴォ
love	愛	やりかたやハウツーなんてない。 ただ愛することによってしか、愛し方なんてわからないんだ。	オルダリ・ハクスリー
love	愛	理解し合うためにはお互い似ていなくてはならない。 しかし愛し合うためには少しばかり違っていなくてはならない。	ジェラルディ
love	愛	愛せよ。人生においてよいものはそれのみである。	ジョルジュ・サンド
love	愛	手の上なら尊敬のキス。額の上なら友情のキス。 頬の上なら厚情のキス。唇の上なら愛情のキス。 閉じた目の上なら憧憬のキス。掌の上なら懇願のキス。 腕と首なら欲望のキス。さてそのほかは、みな狂気の沙汰。	グリル・パルツァー
love	愛	人は、本当に愛していれば、 かえって愛の言葉など白々しくて言いたくなくなるものでございます。	太宰 治
love	愛	ラブレターを書くには、 まず何を言おうとしているのか考えずに書きはじめること。 そして、何を書いたのかを知ろうとせずに書き終わらなければならない。	ジャン＝ジャック・ルソー
love	愛	愛されることは幸福ではない。愛することこそ幸福だ。	ヘルマン・ヘッセ
love	愛	愛の一触れで、人は誰でも詩人になれる。	プラトン
love	愛	なるほど、あの娘は美しい。しかし、美しいと思うのはお前の目なのだよ。	クセノフォン
love	愛	そなたのために、たとえ世界を失うことがあっても、 世界のためにそなたを失いたくない。	バイロン
love	愛	愛し愛されるということは、 両側から太陽を浴びるようなものだ。	デヴィット・ヴィスコット
love	愛	愛の表現は惜しみなく与えるだろう。 しかし、愛の本体は惜しみなく奪うものだ。	有島武郎
love	愛	財産も地位も、愛にくらべたら塵芥のようなものだ。	グラッドストン
love	愛	愛は、この世に存在する。 きっと、ある。見つからぬのは愛の表現である。その作法である。	太宰 治
love	愛	あなたと一緒に歩く時は、 ぼくはいつもボタンに花をつけているような感じがします。	サッカレー
love	愛	愛は死よりも強く、死の恐怖より強い。	ツルゲーネフ
love	愛	愛する人と共に過ごした数時間、数日もしくは数年を経験しない人は、 幸福とはいかなるものであるかを知らない。	スタンダール
love	愛	愛というのは、どんどん自分を磨いていくことなんだよ。	尾崎豊
love	愛	自分の生活に何かを加えて、あるいは何かを減らして、 自分の生活を変えてくれる相手でない限り、その人を愛することはできない。	モンテルラン
love	愛	三つのマッチを一つ一つ擦る夜のなか はじめは君の顔を一度きり見るため つぎのは君の目を見るため 最後のは君の唇を見るため 残りの暗闇は今の全てを思い出すため 君を抱きしめながら	ジャック・プレヴェール
love	愛	でも、何といったって、 誰にも愛されないよりはまだ誰かに捨てられたほうがましだよ。	ウィリアム・コングリーヴ
love	愛	きみのためにたとえ世界を失うことがあろうとも、世界のためにきみを失いたくはない。	バイロン
love	愛	愛されなかったということは生きなかったことと同義である。	ルー・サロメ
love	愛	ひと目惚れを信じることよ｡	ベルナール
love	愛	愛する相手に借りがある。いつもそう感じている人こそ、本当に愛しているのです。	ラルフ・Ｗ・リックマン
love	愛	人間は愛しているか､愛されているか、どっちかでないと辛いね｡	永六輔
love	愛	もっとも永く続く愛は、報われぬ愛である。	モーム
love	愛	自分を愛せる人間が他人をも愛せる｡	五木寛之
love	愛	理解し合うためにはお互い似ていなくてはならない。しかし愛し合うためには少しばかり違っていなくてはならない	ジェラルディ
love	愛	相手の話に耳を傾ける｡これが愛の第一の義務だ	ポール・ネイリッヒ
love	愛	愛する者と一緒に暮らすには一つの秘訣がいる。すなわち、相手を変えようとしないことだ。	シャルドンヌ
love	愛	落ち込むのと失望は違うんよ。 だって、落ち込んでても夢や愛は信じとるもん。	甲本 ヒロト
love	愛	愛されないのは悲しい。しかし、愛することができないというのはもっと悲しい。	ミゲル・デ・ウナムーノ・イ・フーゴ
love	友情	誰の友にもなろうとする人間は、誰の友人でもない。	ヴィルヘルム・ペッファー(プフェッフェル)
love	友情	人々は悲しみを分かち合ってくれる友達さえいれば、 悲しみを和らげられる。	ウィリアム・シェイクスピア
love	友情	恋愛は人を強くすると同時に弱くする。 友情は人を強くするばかりである。	ボナール
love	友情	お互い友人だといっても、それを信じるのは愚か者。 この名ほど世間にありふれたものはなく、その実ほど天下にまれなものはない。	ジャン・ド・ラ・フォンテーヌ
love	友情	真の友をもてないのはまったく惨めな孤独である。 友人が無ければ世界は荒野に過ぎない。	フランシス＝ベーコン
love	友情	友人とは、あなたについてすべてのことを知っていて、 それにもかかわらずあなたを好んでいる人のことである。	エルバード・ハーバード
love	友情	女が男の友達になる順序は決まっている。 まずはじめが親友、それから恋人、そして最後にやっとただの友だちになる。	チェーホフ
love	友情	友情は不変といってよいが色と恋が絡めば話は別になる。	ウィリアム・シェイクスピア
love	友情	諸君が自分自身に対して関心を持つのと同じように、 他人が自分に関心を持っているとは期待するな。	ラッセル
love	友情	友人同士は未来を語り合わなくても未来に再会することを確信している。 恋人同士は絶えず未来を語り合うが、未来は彼らの恋愛には無い。	ボナール
love	友情	山から遠ざかればますますその本当の姿を見ることができる。 友人にしてもこれと同じである。	アンデルセン
love	友情	友情は静かな月のように、太陽の現れない前の大空に輝く。 だが、恋の光を受けるとすぐに色褪せてしまう。	リュナール侯爵
love	友情	悪い仲間は犬のようなものだ。 一番好きな相手を一番ひどく汚してしまう。	スウィフト
love	友情	多くの愚者を友とするより、 一人の知者を友とするべきである。	デモクリトス
love	友情	恋愛というものは、振幅が大きくて、情熱の波に弄ばれます。 友情は静かで安定した流れを辿ります。	モーロア
love	友情	あなたの友人があなたを裏切るようなことをしたからといって、 あなたは友人の悪口を人に語ってはならぬ。 長い間の友情がゼロになるから。	シング
love	友情	友人は服のようなものだ。 すり切れないうちに捨てねばならぬ。 さもないと、向こうがこちらを捨てる。	ルナール
love	友情	酒が作り出した友情は、酒のように一晩しかもたない。	ローガウ
love	友情	数多い恋人の情を集めても、我が胸に燃える友情の火には及ばぬ。	バイロン
love	友情	恋愛は恋愛によって始まる。 従っていかに強い友情からも弱い恋にしか移行できない。	ラ・ブリュイエール
love	友情	友情と恋愛とは人生の幸福を生み出す。 ちょうど二つの唇が、魂を有頂天にするキスを生みだすように。	ヘッベル
love	友情	友人同士は完全な平等のうちに生きる。 この平等は、まず第一に、 彼らが会ったときに社会上のあらゆる相違を忘れるという事実から生まれる。	ボナール
love	友情	友人の女房と寝てはいけないという。 しかし、それではいったい誰と寝ればいいのか。	リュシアン・ギリトー
love	友情	習慣は偽りの友を作る。あたかも機会が偽りの恋人を作るように。	ボナール
love	友情	友人が片目なら、私は友人を横顔から眺める。	ジュべール
love	友情	友情は人生の酒である。	ヤング
love	友情	友情が恋愛になるときには、二つの川のように混ざりあり、 有名なほうが他方の名を吸収する。	スキュデリー嬢
love	友情	友情とは二つの肉体に宿れる一つの魂である。	アリストテレス
love	友情	三人の信用するに足る友がいる。老妻、老犬、それと貯金。	ワシントン
love	友情	友情とは、誰かに小さな親切をしてやり、 お返しに大きな親切を期待する契約である。	モンテスキュー
love	友情	もっとも親しき友人というのは、つねに兄弟のように退屈である。	萩原朔太郎
love	友情	友情のための最大の努力は、 友人に我々の欠点を見せることではない。 彼に彼の欠点を悟らせることだ。	ラ・ロシュフーコー
love	友情	友情は瞬間が咲かせる花であり、そして時間が実らせる果実である。	コッツェブー
love	友情	とことんまで恋したものは友情に手をつける。	ハイネ
love	友情	友人が成功するたびに、私は少しずつ死んでゆく。	ゴア・ヴィダル
love	友情	恋の火は、ときとして友情の灰を残す。	レニエ
love	友情	ひとりの人と友人になるときは、 その人といつか必ず絶交する事あるを忘るるな。	石川啄木
love	友情	恋人のいる人間に友情を注ごうとすることは、 喉の乾いている人間にパンを与えようとするようなものだ。	ムーア
love	友情	真の友愛においては、 私は友を自分のほうにひきつけるよりもむしろ自分を友に与える。	ミシェル・ド・モンテーニュ
love	友情	真の友は共に孤独である。	ボナール
love	友情	一方からあまりに大きな重みをかけると、友情は破壊される。	クニッゲ男爵
love	友情	恋は愛らしい花であり、友情は甘い果実である。	コッツェブー
love	友情	しばらく二人で黙っているといい。 その沈黙に耐えられる関係かどうか。	キルケゴール
love	友情	往く者は追わず、来る者は拒まず。	孟子
love	友情	ある年齢以後になると友人を選ぶよりは、 友人に選ばれる場合の方が多い。	ジード
love	友情	困難な情勢になってはじめて誰が敵か、 誰が味方顔をしていたか、そして誰が本当の味方だったかわかるものだ。	小林多喜二
love	友情	恋愛では信じてもらうことが必要であり、 友情では洞察してもらうことが必要である。	ボナール
love	友情	老年は男女間の友情に最も適した時代である。 なぜなら彼らはその頃には、 ちょうど男であり女であることを止めてしまったからである。	モーロア
love	友情	恋は肉体を欲し、友情は心を欲する。	カンポアモール
love	友情	自分にとって大切なことは、 他人が自分のことをどう考えているかということではなく、 自分が彼らのことをどう考えているかということだ。	ブリヤン
love	友情	友人の果たすべき役割は、間違っているときにも味方すること。 正しいときにはだれだって味方になってくれる。	マーク・トウェーン
love	友情	友情と恋愛は一つの根から生えた二本の植物である。 ただ後者は花をすこしばかり多くもっているにすぎない。	Ｇ・クロップシュトック
love	友情	信頼は、年を重ねた胸の中でゆっくりと育つ植物である。	ウィリアム・ピット
love	友情	時は友情を強めるが、恋愛を弱める。	ラ・ブリュイエール
love	友情	友情は永続的なものの感情を与え、恋愛は永遠的なものの感情を与える。 しかし、両者とも後に残るのものはエゴイズムだけである。	アンリ・ド・レニエ
love	友情	真の友情は、前と後ろ、どちらから見ても同じもの。 前から見ればバラ、後ろから見ればトゲなどというものではない。	リュッカート
love	友情	人と人との友情は、 賢者でも結ぶのが難しいのに、 愚者はあっさりほどいてしまう。	シェイクスピア
love	友情	広く好かれれば好かれるほど、深く好かれないものだ。	スタンダール
love	友情	われわれは恋愛を夢みるが、友情を夢みることはない。 夢みるのは肉体であるからだ。	ボナール
love	友情	人生から友情を除かば、世界から太陽を除くにひとし。	マルクス・トゥッリウス・キケロ
love	友情	ヤギだの羊だのを各自がどれくらい持っているかは言えても、 友だちをどれくらい持っているかは言えない。	マルクス・トゥッリウス・キケロ
love	友情	友人に不信をいだくことは、 友人にあざむかれるよりもっと恥ずべきことだ。	ラ・ロシュフーコー
love	友情	戦争やってる遠くの国のことよりも友達の方が大切だと思うけどなぁ。	甲本 ヒロト
love	友情	見えないところで友人の事を良く言ってる人こそ信頼できる	トーマス フラー
love	友情	己にしかざる者をともにするかなれ。	孔子
love	女	若い女は美しい。しかし、老いた女はもっと美しい。	ホイットマン
love	女	女は弱い男を支配するよりも、強い男に支配されたがる。	ヒトラー
love	女	女の最大の欠点は男のようになろうとすることにある。	メストル
love	女	女が男の友達になる順序は決まっている。 まずはじめが親友、それから恋人、そして最後にやっとただの友だちになる。	チェーホフ
love	女	着物を脱ぐ女性の美しさは、雲を貫く太陽のようだ。	ロダン
love	女	元始、女性は実に太陽であった。真心の人であった。 今、女性は月である。 他によって生き、他の光によって輝き、病人のような蒼白い顔の月である。	平塚雷鳥
love	女	男にとっては今日一日だけの浮気心にすぎないものに、 女はその一生を賭ける。	モーリアック
love	女	男がどんな理屈を並べても、女の涙一滴にはかなわない。	ボルテール
love	女	何も香水をつけていない女性が一番いい匂いがする。	プラウトウス
love	女	男と女の間に友情はあり得ない。 情熱、敵意、崇拝、恋愛はある。しかし友情はない。	ワイルド
love	女	女が衣服を身に着けるのは、それを脱ぐためである。	ジョージ・ムーア
love	女	女心はどんなに悲しみで一杯になっても、 お世辞や恋を受け入れる片隅がどこかに残っているものだ。	マリヴォー
love	女	男は人生を知るのが早すぎるし、女は知るのが遅すぎる。	ワイルド
love	女	女はたとえ百人の男にだまされても、百一人目の男を愛するだろう。	キンケル
love	女	男にふさわしいのは権威であり、女にふさわしいのは威厳である。	シュワルツ
love	女	女の欠点を知ろうと思ったら、彼女の女友達の前で彼女を誉めてみることだ。	フランクリン
love	女	女というものは、自分の美貌のために犯される行為ならば、悪い行為でも許す。	ル･サージュ
love	女	命と引き換えに金を欲しがるのは強盗であるが、女はその両方とも欲しがる。	バトラー
love	女	私は私が男でないことを嬉しく思います。 男だったら、私は女と結婚しなければなりませんもの。	スタール夫人
love	女	女性という貨幣は多くの悩みを癒す。 もしもそれを、適度にそして適時に使用するならば。	ローガウ
love	女	女性はたとえ自分を愛する男が野獣のようなものであろうと、 愛され崇められれば無関心ではいられないものだ。	ゲオルギウ
love	女	女をだますのは昔ほどたやすくない。	Ｊ・Ｇ・サーバー
love	女	現代の女性は、あらゆることを理解する。 ただ、自分の亭主のことだけは理解しない。	ワイルド
love	女	なぜ美人はいつもつまらぬ男と結婚するのだろう。 賢い男は美人と結婚しないからだ。	ウィリアム・サマセット・モーム
love	女	女は素晴らしい楽器である。 恋がその弓で、男がその演奏者である。	スタンダール
love	女	女達は、なぜとか、どうしてとかいう事を抜きにして愛されることを願う。 可愛らしいとか、善良だとか、上品だとか、頭がいいとかいう理由ではなく、 彼女らは彼女自身でありたいからだ。	アミエル
love	女	女の推量は、男の確信よりもずっと確かである。	キプリング
love	女	女も凡庸な作家も、自画自賛するほどには世間から賞賛されない。	ヴォーヴォナグル
love	女	女は自分の美点のために愛されることにときとして同意するが、 常に好むのは、自分の欠点のために愛してくれる人のほうだ。	A・プレヴォ
love	女	女の喜びは男のプライドを傷つけることである。	バーナード・ショウ
love	女	女性が弱いというのは嘘である。 世の中に何が強いと言って、無神経な事ほど強いことはない。	亀井勝一郎
love	女	女は愛されることを求め、理解されることを求めない。	ワイルド
love	女	美しい女にはやがて飽きがくる。善良な女には決して飽きはこない。	ミシェル・ド・モンテーニュ
love	女	女は計算が大好きだ。 自分の年齢を二で割り、自分のドレスの値段を倍にし、 夫の給料を三倍に言い、一番の女友達の年齢にいつも五を足すのである。	マルセル・アシャール
love	女	男の顔は履歴書、女の顔は請求書だ。	藤本義一
love	女	もし神が女性に男性を支配させたいと考えていたなら、 神はアダムの頭から女性を創ったであろう。 また、もし神が女性を男性の奴隷にしようと考えていたなら、 アダムの足から女性を作ったであろう。 だが、神はアダムのわき腹から女性を創り給うた。	アウグスチヌス
love	女	女は男よりも利口である。というのも、女は知ることは少なく、 理解することがより多いから。	ステファンズ
love	女	醜い女はいない。 ただ、どうすればかわいく見えるかを知らない女はいる。	ラ・ブリュイエール
love	女	老年は男女間の友情に最も適した時代である。 なぜなら彼らはその頃には、 ちょうど男であり女であることを止めてしまったからである。	モーロア
love	女	醜い女は我慢できるが、高慢な女は辛抱できない。	ナポレオン・ボナパルト
love	女	つまらないことに熱情を感じてよく記憶していること、 これが女の一番の特徴である。 数年前の友達と交わした世間話の中に出てきたこまごましたくだらないことを その気になればいつでも正確に話せるのである。 しかもやりきれないことに、女はいつでもその気になるのである。	モーム
love	女	人は女に生まれない。女になるのだ。	ボーヴォワール
love	女	愛している女は、男から愛されていないのではないかといつも恐れている。 愛していない女は、男から愛されているといつもうぬぼれている。	ディワイエ
love	女	現実よりも記憶の中の女のほうが美しい。	落合惠子
love	女	女性はどこから見ても低劣であり、 女性固有の領域においても全くの無能力であるにもかかわらず、 いぜんとして女性がハバをきかしているのは、結局は男性が愚鈍だからである。	モンテルラン
love	女	女は大きな危害は許すが、小さい侮辱は決して忘れない。	Ｔ・ハリバートン
love	女	私には女たちが象と同じように思える。 眺めるのは好きだが、家に欲しいとは思わない。	W・C・フィールズ
love	女	二人の女を和合させるより、 むしろ全ヨーロッパを和合させることのほうが容易であろう。	ルイ14世
love	女	埃は羽より軽く、風は埃より軽く、女は風より軽い。	アルフレッド・ド・ミュッセ
love	女	女性が鏡に映して自分を見るのは、自分の姿を見るためでなく、 自分がどんなふうに他人に見られるかを確かめるためだ。	アンリ・ド・レニエ
love	女	女は男より簡単に泣く。 しかも自分を泣かせたことについて男より長く覚えている。	レニエ
love	女	女が付属品を棄てるとどうしてこんなにも美しくなるのだろうか。	高村光太郎
love	女	女心は男心よりも清らかなものである。ただ男よりもよく変化するだけだ。	ハーフォード
love	女	「男女同権」とは、男の地位が女の地位まで上がったことなのです。	太宰 治
love	女	三つのものが強く女を動かす。利害と快楽と虚栄とである。	ディドロ
love	女	女性の全生涯は愛情の歴史である。	アービング
love	女	女は異国の土地である。 どんな若い頃移住したとしても、男はついにその習慣、その政治、 その言葉を理解しないだろう。	パット･モア
love	女	もっとも驚くべき記憶力は恋する女の記憶力である。	モーロア
love	女	友情の基礎を作るには、まず女と恋をしなければならない。	ヘミングウェイ
love	女	女性の愛というものは、相手に自分を捧げることによって完成され､男性の愛は相手から奪うことによって完成される｡	[詳細]
love	失恋	恋の味を痛烈に味わいたいならば、 それは片思いか失恋する以外にないだろう。	亀井勝一郎
love	失恋	嫉妬は常に恋と共に生まれる。 しかし必ずしも恋と共には滅びない。	ラ・ロシュフーコー
love	失恋	恋をすることは苦しむことだ。 苦しみたくないなら、恋をしてはいけない。 でもそうすると、恋をしていないことでまた苦しむことになる。	ウディ・アレン
love	失恋	恋は気がつかないうちにおとずれてくる。 われわれはただ、それが去っていくのをみるだけである。	ドブソン
love	失恋	男女の仲というのは、夕食を二人っきりで三度して、 それでどうにかならなかったときはあきらめろ。	小津安二郎
love	失恋	女性が綺麗になる方法は二つあります。 「いい恋をすること」と「悪い恋をやめてしまうこと」です。	浜尾朱美
love	失恋	私の愛人が他の男によって幸せになるのを見るくらいなら、 私はその女が不幸になるのを見たほうがマシだ。	ボワンスロ
love	失恋	男は別れの言い方が分からない。 女はそれを言うべき時が分からない。	ヘレン・ローランド
love	失恋	恋とは巨大な矛盾であります。 それなくしては生きられず、しかもそれによって傷つく。	亀井勝一郎
love	失恋	恋わずらいの人は、ある種の病人のように自分自身が医者になる。 苦悩の原因をなした相手から癒してもらえることはないのだから、 結局は、その苦悩の中に薬を見出すのである。	マルセル・プルースト
love	失恋	恋の苦しみは、あらゆるほかの悦びよりずっと愉しい。	ドライデン
love	失恋	失恋すると、５年後に素晴らしい事が起こります。 エレベーターに乗ったら、ハゲて太ったあの人がいて、 葉巻をくゆらせながら 「ずいぶん長いこと会わなかったね」なんて言ってたりするの。	フィリス・バテレ
love	失恋	恋の悲しみを知らぬものに恋の味は話せない。	伊藤左千夫
love	失恋	与えようとばかりして、もらおうとしなかった。 なんと愚かな、間違った、誇張された、高慢な、短気な恋愛ではなかったか。 ただ相手に与えるだけではいけない。相手からも貰わなくては。	ゴッホ
love	失恋	恋愛は幸福を殺し、幸福は恋愛を殺す。	ミゲル・デ・ウナムーノ・イ・フーゴ
love	失恋	二人の間に恋がなくなったとき、 愛し愛された昔を恥ずかしく思わない人はほとんどいない	ラ・ロシュフーコー
love	失恋	女と別れるごとに、自分の中でなにかが死ぬのを感じた。	ガルヴァニ
love	失恋	女の性格がわかるのは恋が始まる時ではないわ。 恋が終わる時よ。	ローザ・ルクセンブルク
love	失恋	失望に終わった恋は、 次の恋に対するちょっとした免疫になる。	ウルスラ・アンドロス
love	失恋	彼は私の北であり、南であり、西であり、東であった。 私の出勤日であり、日曜の休息であった。 私の正午であり、真夜中であり、 私のおしゃべりであり、私の歌であった。 あの愛が永遠に続くと思ったけれど、私は間違っていた。	W・H・オーデン
love	失恋	深く愛していたものを憎むことはなかなかできない。 火は消し方が悪いと、まもなく、また燃え上がる。	コルネイユ
love	失恋	自分の全生命を女の愛というカードに賭けた男が、 このカードが殺された時、 がっくりとなって何事も手につかないほど放心してしまうようなら、 そんな人間は――男ではなく、ただのオスである。	ツルゲーネフ
love	失恋	恋の火は、ときとして友情の灰を残す。	レニエ
love	失恋	忘れること、それが最上の治療法であり、 恋人との愛をつなぐエチケットです。	宇野千代
love	失恋	短く笑って、長く泣く。それが恋の習いだ。	ガイベル
love	失恋	恋はその始まりがいつも美しすぎる。 結末が決して良くないのも無理からぬことだ。	ドーマ
love	失恋	彼女は彼のことを愛そうを思えば愛せたのに、 彼のことをよく知っていたのでどうしても愛せなかった。	アニータ・ブルックナー
love	失恋	終わりのある愛は悲劇じゃないわ。 終わりのない愛こそ悲劇なのよ。	シャーリ・ハザード
love	失恋	恋をするとだれでも自分を欺くことから始まり、 他人を欺くことで終わるのがつねである。 これが世の、いわゆるロマンスである。	モーリス・トンプソン
love	失恋	恋の喜びは一瞬しか続かない。恋の悲しみは一生続く。	フロリアン
love	失恋	過ぎ去った恋の思い出は、 それが強く記憶にとどまっている時には、 恋をしていた時にも劣らず魂を奪うものである。	ジャン・ルイ・ヴォイドワイエ
love	失恋	恋愛は戦争のようなものである。 始めるのは容易だが、やめるのは困難である。	メンケン
love	失恋	人はしばしば恋に欺かれ、恋に傷つき、不幸にもなる。 それでも人に恋するのだ。	ミュッセ
love	失恋	人は反感から愛へ向かう。 だが愛することから始めて反感に達する場合には、けっして愛には戻らない。	バルザック
love	失恋	恋には経験というものはない。 なぜなら、そのときにはもう恋していないのだから。	アンリ・ド・レニエ
love	失恋	報いられぬ恋は霜にうたれてしおれた樹木に似ている。	ローぺ･デ・べガ
love	失恋	初恋に勝って人生に失敗するというのは良くある例で、 初恋は破れるほうがいいと言う説もある。	三島由紀夫
love	失恋	絶えず警戒しつづけることの必要が、 ついには恋しあう人達を疲労させてしまう。	ヴィニィ
love	失恋	二度と会いたくない男には、こうおっしゃい。 「愛しています。結婚して下さい。子供が欲しいのです」と。 男は車を急発進させて逃げていくでしょう。	リタ・ルドナー
love	失恋	彼女たちが私たちを愛しているとき、 彼女たちが愛しているのは本当は私たちではない。 しかし、ある朝、彼女たちがもはや愛さなくなるのは、 確かに私たちである。	ジェラルディ
love	失恋	男との愛は、情緒ではなく幻想だ。	ジラルダン夫人
love	失恋	世間の恋人達を見るがいい。 やっと告白が始まるときにはもう欺（あざむ）いている。	リルケ
love	失恋	でも、何といったって、 誰にも愛されないよりはまだ誰かに捨てられたほうがましだよ。	ウィリアム・コングリーヴ
love	失恋	失恋って、当の本人は苦しい苦しいと言っているけれど､本当は終わった恋をいつまでも思い出して楽しんでいるようなところがあると思う｡本当に苦しいなら、一秒でも早く忘れる努力をするはずだから。	宇野千代
love	失恋	私の愛人が他の男によって幸福になるのを見るくらいなら、私はその女が不幸になるのを見たほうがましだ。	ボワンスロ
love	失恋	誰かを愛して誰かを失った人は、何も失っていない人よりも美しい。	イルマーレ
love	失恋	愛してその人を得ることは最上である・・・ 愛してその人を失うことはその次によい	ウィリアム・Ｍ・サッカレー
love	男	男にほれられるような男でなければ、女にはほれられない。	作者不詳
love	男	男にとっては今日一日だけの浮気心にすぎないものに、 女はその一生を賭ける。	モーリアック
love	男	芸術でも技術でも、いい仕事をするには、 女のことが分かってないとダメなんじゃないかな。	本田 宗一郎
love	男	君の人生に女が入ってくる。 素晴らしいことだ。出ていってくれたらもっと幸福なのに。	ポール・モラン
love	男	男というものは自分の愛している女を憎み、どうでもよい女を愛するものだ。	シュラッツラー
love	男	人生にはいやなことがいっぱいある。中でも一番いやなものは、男同士の晩餐だ。	ディスレーリ
love	男	男は常に女の初恋の人でありたがる。それが男の無様な虚栄である。	ワイルド
love	男	男は人生を知るのが早すぎるし、女は知るのが遅すぎる。	ワイルド
love	男	男にふさわしいのは権威であり、女にふさわしいのは威厳である。	シュワルツ
love	男	どんな男でも、ある女性を自分のものにしようとするときは、 その人が自分の愛に最もふさわしい女性であり、 自分がこんなに夢中になるのももっともなことだと思いこんでいるのである。 そして、それが迷いであったと気づくのは、 あとになって別の女を愛するようになったときである。	アルツィバシェフ
love	男	情熱家より、冷淡な男のほうが簡単に女に夢中になるものだ。	ツルゲーネフ
love	男	私は女性が愚か者であるということを否定はいたしませんが、 全能の神は男性につりあうように女性を作られたのです。	ジョージ・エリオット
love	男	女に懲りるのは一度でたくさん。だれもがそう思いながら二度三度と繰り返す。	田中澄江
love	男	分別のある男は女を軽く扱い、一緒に冗談を言い、歌うだけである。 重大な事については女に相談する事も任せることも決してしない。	チェスターフィールド
love	男	四十歳をすぎると、男は自分の習慣と結婚してしまう。	メレディス
love	男	男は建設すべきものも、破壊すべきものもなくなると、 非常に不幸を感じるものである。	アラン
love	男	この地上には、 男性だけがその費用をひきうけるにしては、あまりに美人が多すぎる。	リガリエン
love	男	男の人って、一度女を愛したとなると、そ の女のためならなんだってしてくださるでしょ。 たった一つ、してくださらないもの。それはいつまでも愛しつづけるってことよ。	ワイルド
love	男	女は素晴らしい楽器である。 恋がその弓で、男がその演奏者である。	スタンダール
love	男	勇敢な男は自分自身のことは最後に考えるものである。	フリードリヒ・フォン・シラー
love	男	女は男に欠点があるからこそ愛するのだ。 男に欠点が多ければ女は何もかも許してくれる。 我々の知性さえもだ。	ワイルド
love	男	もう一日くらい待ったなら、 自分の婚約者よりももっと好みに合った 理想的な女性が見つかるかもしれないという気持ち。 どんな男でもこうした気持ちを抱いているものだ。	サーバー
love	男	男というものは元来多妻主義だ。 心ある女は、男の気まぐれによる過失をいつも大目に見る。	モーム
love	男	私が女より男を好きなのは、彼らが男であるからではない。 彼らが女でないからである。	クリスティーナ
love	男	愛の舞台に上って馬鹿らしい役割を演じるのは、いつでも男だ。	島崎藤村
love	男	老年は男女間の友情に最も適した時代である。 なぜなら彼らはその頃には、 ちょうど男であり女であることを止めてしまったからである。	モーロア
love	男	男はある女の愛人でありうるときには、その女の友人である事はない。	バルザック
love	男	これが男というものです。計画だけはみんな悪者ですが、 そのくせ実行となると、弱気になって、それを誠実だというのです。	ランクロ
love	男	男は法律をつくり、女は風俗をつくる。	セギュール夫人
love	男	男というものは、女房が小難しいことを喋っているときより、 自分の食卓にうまい料理があるときのほうがもっと嬉しいものである。	サミュエル・ジョンソン
love	男	男というものは……家ではまったく邪魔になります！	ギャスケル夫人
love	男	男が本当に好きなものは二つ。危険と遊びである。 そしてまた、男は女を愛するが、それは遊びのなかで最も危険なものであるからだ。	ニーチェ
love	男	男というものはつねに女の友であることは決してありません。 他に愛する女を持っているときは別ですが。	リュー
love	男	自己侮蔑という男子の病気には、 賢い女に愛されるのがもっとも確実な療法である。	ニーチェ
love	男	ライオンの雄にはたてがみがあり、孔雀には豪勢な羽があるが、 人間の男には三つボタンの背広しかない。	Ｊ・Ｇ・サーバー
love	男	男というものはいつでもそうだが、我が家から離れている時が一番陽気なものだ。	ウィリアム・シェイクスピア
love	男	女がいなかったら、男は神のように生きていくだろう。	デッカー
love	男	女性の愛というものは、相手に自分を捧げることによって完成され､男性の愛は相手から奪うことによって完成される｡	[詳細]
love	男	男の人って、一度女を愛したとなると、その女のためなら何だってしてくださるでしょ。 たった一つ、してくださらないもの、それはいつまでも愛しつづけるってことよ。	オスカー・ワイルド
love	男	床の上で自分の子供の電気機関車をいじくって三十分を空費することのできる男は、 どんな男でも実際は悪い人間ではない。	シメオン・ストランスキー
love	男	一人の女しか愛さない男はしばしばもっとも幸福な生活を送るが 死ぬときはもっとも孤独な死にかたをする。	へミングウェイ
happiness	幸福	一生の間に一人の人間でも幸福にすることが出来れば自分の幸福なのだ	川端 康成
happiness	幸福	寝床につくときに、 翌朝起きることを楽しみにしている人は幸福である。	カール・ヒルティ
happiness	幸福	もっとも平安な、そして純粋な喜びの一つは、労働をした後の休息である。	カント
happiness	幸福	幸福であるだけでは十分ではない。 他人が不幸でなければならない。	ジュール・ルナール
happiness	幸福	幸福は小鳥のようにつかまえておくがいい。 できるだけそっと、ゆるやかに。 小鳥は自分が自由だと思い込んでさえいれば、 喜んでお前の手の中にとどまっているだろう。	ヘッベル
happiness	幸福	自分自身を幸福だと思わない人は、決して幸福になれない。	サイラス
happiness	幸福	他人の幸福をうらやんではいけない。 なぜならあなたは、彼の密かな悲しみを知らないのだから。	ダンデミス
happiness	幸福	幸せでありたいというのか。まず苦悩することを覚えよ。	ツルゲーネフ
happiness	幸福	コロンブスが幸福であったのは、彼がアメリカを発見した時ではなく、 それを発見しつつあった時である。 幸福とは生活の絶え間なき永遠の探求にあるのであって、断じて発見にあるのではない	F.M.ドストエフスキー
happiness	幸福	我々は、 幸福になるためによりも、 幸福だと人に思わせるために四苦八苦しているのである	ラ・ロシュフーコー
happiness	幸福	人は幸運の時は偉大に見えるかもしれないが、 真に向上するのは不運の時である。	フリードリヒ・フォン・シラー
happiness	幸福	幸福というものは、一人では決して味わえないものです。	アルブーゾー
happiness	幸福	幸福の話をこれほどまでに聞かされていなかったら、 人間はもっと幸福だったろう。	シャルドンヌ
happiness	幸福	禍福は糾える縄の如し。	老子
happiness	幸福	今この瞬間にあなたが無常の喜びを感じていないとしたら、 理由は一つしかない。 自分が持っていないもののことを考えているからだ。 喜びを感じられるものは、全てあなたの手の中にあるというのに。	アントニー・デ・メロ
happiness	幸福	こいつが最初三十分ばかりの幸福なら、 財布をはたいてでも買ってやるところだよ。 だがね、生涯つづく幸福！これには到底耐えられないね。 この世の地獄だ。	バーナード・ショウ
happiness	幸福	誰もが幸福についてしゃべる。 しかしそれを知っている人はほとんどいない。	マダム・ジャンヌ・ローラン
happiness	幸福	楽しい顔で食べれば、皿一つでも宴会だ。	ブルデンチウス
happiness	幸福	幸福人とは過去の自分の生涯から満足だけを記憶している人々であり、 不幸人とはそれの反対を記憶している人々である。	萩原朔太郎
happiness	幸福	未だかつて、自分は本当に幸福だと感じた人間は一人もいなかった。 ――もしそんなのがいたら、多分酔っぱらってでもいたのだろう。	ショウペンハウエル
happiness	幸福	人はつねに自分の幸福を望むものだが、 つねに幸福を見分けることが出来るわけではない。	ジャン＝ジャック・ルソー
happiness	幸福	風立ちぬ！いざ生きめやも。	ポール・ヴァレリー
happiness	幸福	幸福はまず何より健康のなかにある。	G・W・カーチス
happiness	幸福	愛することと愛されること。 それより大きな幸福なんて、私は望みもしないし知りもしませんわ。	モラティン
happiness	幸福	幸福になりたいのだったら、 人を喜ばすことを勉強したまえ。	M・プリオール
happiness	幸福	一生の仕事を見出した人には、ほかの幸福を探す必要はない。	カーライル
happiness	幸福	幸福とは幸福を探すことである。	ジュール・ルナール
happiness	幸福	幸福は夢にすぎず、苦痛は現実である。	ボルテール
happiness	幸福	「人間最高の幸福とは何か」「幸せに死ぬことだ」	アンティステヌス
happiness	幸福	人間の幸福の二つの敵は苦痛と退屈である。	ショウペンハウエル
happiness	幸福	今あなたが不運な状態にあるなら、 それはあなたがそうなるように仕向けた結果です。 逆に、今あなたが幸運に恵まれているなら、 それもあなたがそうなるように仕向けた結果です。	J・マーフィー
happiness	幸福	人は自分が幸福であることを知らないから不幸なのである。	フョードル・ドストエフスキー
happiness	幸福	幸福とはそれ自体が長い忍耐である。	アルベール・カミュ
happiness	幸福	幸福には翼がある。つないでおくことは難しい	フリードリヒ・フォン・シラー
happiness	幸福	誤りと無知とによって作られた幸福など、私は欲しくない。	ジード
happiness	幸福	少しの悲しみもない純粋な幸福なんて、めったにあるものではない。	ハイネ
happiness	幸福	幸福だから笑うわけではない。 むしろ、笑うから幸福なのだと言いたい。	アラン
happiness	幸福	幸福の便りというものは、待っている時には決して来ないものだ。	太宰 治
happiness	幸福	我々は翼が欲しいという欲望を持っている。 にもかかわらず結局は空を飛ぶことはできない。 要するに、我々は幸せなのだ。 さもなければ、空気はやがて吸うに堪えなくなるに違いない。	ルナール
happiness	幸福	人生における無上の幸福は、自分が愛されているという確信である。	ユーゴー
happiness	幸福	幸福――他人の不幸を眺める事から生ずる快適な感覚。	ビアス
happiness	幸福	世界全体が幸福にならないかぎりは、 個人の幸福はありえない。	宮沢賢治
happiness	幸福	幸運がもたらされても、その全てを使ってはいけない	コンフューシアス
happiness	幸福	自分の仕事を愛し、その日の仕事を完全に成し遂げて満足した。 ――こんな軽い気持ちで晩餐の卓に帰れる人が、世の中で最も幸福な人である。	ワナメーカー
happiness	幸福	幸福は我が家の炉辺で成長する。 そして他人の庭先で摘み取るべきものではない。	ジェロルド
happiness	幸福	我々は、我々の幸福を我々の外部、他人の評判のうちに求める。 他人はみな軽薄かつ不公平で、嫉妬、気まぐれ、 偏見に満ちていることを百も承知なのに、だ。	ラ・ブリュイエール
happiness	幸福	幸福は身体にとってはためになる。 しかし精神の力を発達させるものは悲しみだ。	マルセル・プルースト
happiness	幸福	人間の幸福は、決して神や仏が握っているものではない。 自分自身の中にそれを左右するカギがある。	ラルフ・ワルド・エマーソン
happiness	幸福	私たちが愛する人々の幸福を願うのは当然である。 だが、自分達の幸福を棄ててまでこれを願うべきではない。	バートランド・ラッセル
happiness	幸福	どうか僕を幸福にしようとしないで下さい。 それは僕に任せてください。	アンドレ・レニエ
happiness	幸福	幸せを語りなさい。 あなたの苦悩を除いたところで、世界は悲しみに満ちているのだから。	オリソン・スイート・マードン
happiness	幸福	人間はあらゆるものを発明することが出来る。 ただし幸福になる術を除いては。	ナポレオン・ボナパルト
happiness	幸福	なんだ、あれが僕たちの探している青い鳥なんだ。 僕達はずいぶん遠くまで探しに行ったけど、本当はいつもここにいたんだ。	メーテルリンク
happiness	幸福	砂漠が美しいのは、どこかに井戸を隠しているからなんだよ。	サン・テグジュぺリ
happiness	幸福	幸福であろうと思えば、 「こうでさえあったらなあ」という言葉をやめて、 その代わり、 「今度こそは」という言葉に変えなさい。	スマイリー・ブラントン
happiness	幸福	幸福、それは君の行くてに立ちふさがる獅子である。 たいていの人はそれを見て引き返してしまう。	カール・ヒルティ
happiness	幸福	もっと人生を本当に楽しめるときがいつか訪れるだろう。 その時をあなたは心待ちにしなさい。	ジョン・キーツ
happiness	幸福	我々は他人が幸福でないのを当たり前だと考え、 自分自身が幸福でないことにはいつも納得がいかない。	エッシェンバッハ
happiness	幸福	幸福の秘訣は、自分がやりたいことをするのではなく、 自分がやるべきことを好きになることだ。	ジェームズ・バリー
happiness	幸福	私達は踏みなれた生活の軌道から放り出されると、 もうダメだ、と思います。 しかし、実際はそこに、ようやく新しい良いものが始まるのです。 生命のある間は幸福があります。	レフ・トルストイ
happiness	幸福	王様であろうと百姓であろうと、 自分の家庭で平和を見出す者が一番幸福な人間である。	ヨハン・ヴォルフガング・フォン・ゲーテ
happiness	幸福	幸福になる秘訣は快楽を得ようとひたすらに努力することではなく 努力そのもののうちに快楽を見出すことである。	ジイド
happiness	幸福	幸福の最も大きな障害は、過大な幸福を期待する事である。	フォントネル
happiness	幸福	人は幸福を探し始めると、たちまち幸福を見つけられない運命に陥る。 しかしこれには不思議はない。 幸福とは、あのショーウィンドウの中の品物のように、 好きなものを選んで金を払えば持って帰れるというものではない。	アラン
happiness	幸福	幸福がこの上なく大きい場合には微笑と涙が生まれる。	スタンダール
happiness	幸福	喜んで行ない、そして行ったことを喜べる人は幸福である。	ヨハン・ヴォルフガング・フォン・ゲーテ
happiness	幸福	我々は、自ら幸、不幸をつくって、 これに運命なる名称をつける。	ジョンソン
happiness	幸福	この世の生活の幸福を求める私たちの計画はすべて幻想なのである。	ジャン＝ジャック・ルソー
happiness	幸福	幸福であるという義務ほど、私達が低く評価している義務はない。	ロバート・スティーブンス
happiness	幸福	ある人たちにとっては幸福なことが、 他の人たちにとっては不幸なのだ。	ラディゲ
happiness	幸福	目の見える人間は、見えるという幸福を知らずにいる。	ジッド
happiness	幸福	人はおおむね自分で思うほどには幸福でも不幸でもない。 肝心なのは望んだり生きたりすることに飽きないことだ。	ロマン・ロラン
happiness	幸福	幸福はコークスのようなものだ。 何か別の物を作っている過程で偶然得られる副産物なのだ	オールダス・ハクスリー
happiness	幸福	なぜいつも遠くへばかりいこうとするのか？ 見よ、よきものは身近にあるのを。ただ幸福のつかみかたを学べばよいのだ。 幸福はいつも目の前にあるのだ。	ヨハン・ヴォルフガング・フォン・ゲーテ
happiness	幸福	幸せとは「瞬間」的なものだ。ほとんど毎日、幸せな瞬間なら、少なくとも一度はある。	メイ・サートン
happiness	幸福	幸せとは欲しいものを得たり、なりたいものになったり、したいことをしたりするところから来るものではなく、 今得ているもの、今していることを、あなたが好きになるところから生まれる。	トリーチェ
happiness	幸福	子供達に囲まれて人生の最後の時を迎える人を私は幸福だと思う。	グリルパルツァー
happiness	幸福	人は幸福を求めて放浪するが、 幸福はつねにごく身近に、 私達の手の届くところに見いだされる。	ブルワー
happiness	幸福	幸福になれるチャンスがいくらあったところで、 それを活用できる頭が無ければ、どうしようもない。	へーベル
happiness	幸福	一番幸せなのは、幸福なんて特別必要でないと悟ることです。	ウィリアム・サローヤン
happiness	幸福	幸せを手に入れるんじゃない。 幸せを感じることのできる心を手に入れるんじゃ。	甲本 ヒロト
happiness	幸福	幸運の女神は準備されたところにやってくる	パスツール
happiness	幸福	怠けていることは喜びかもしれないが重苦しい状態である。幸せになるためには何かをしていなくてはならない。	ガンディー [ガンジー]
happiness	幸福	幸福とは、考えること、言うこと、することが調和している状態である。	ガンディー [ガンジー]
happiness	幸福	人を愛するよりも 人に愛されるよりも まず自分を愛せたら 幸せの始まりだと思う	藤原基央 (BUMP OF CHICKEN)
happiness	幸福	幸福は、心の流れによって決まるもの。	アリス・メイベル
happiness	幸福	幸福は毎月やって来る。だがこれを迎える準備ができていなければ、 ほとんど見過ごしてしまう。今月こそ幸福を見逃すな。	デール・カーネギー
happiness	幸福	本当に幸福になれる者は、人に奉仕する道を探し求め、ついにそれを見出した者である。これが私の確信である。	アルベルト・シュバイツァー
happiness	運命	人は、運命を避けようとしてとった道で、 しばしば運命にであう。	ジャン・ド・ラ・フォンテーヌ
happiness	運命	運命がカードを混ぜ、われわれが勝負する。	ショーペンハウエル
happiness	運命	俺たちの一生を台無しにするのは、 運なんて言うものじゃない。人間なんだ。	ガルシン
happiness	運命	人間の運命は、 ルール通りに行われるチェスというよりむしろ宝くじを思い起こさせる。	エレンブルグ
happiness	運命	運命は花崗岩より堅固だが、人間の良心は運命より堅固である。	ユーゴー
happiness	運命	私は運命の喉首を締め上げてやるのだ。 決して運命に圧倒されないぞ。 この人生を千倍も生きたなら、どんなに素敵だろう。	ベートーヴェン
happiness	運命	運命は我らを幸福にも不幸にもしない。 ただその種子を我らに提供するだけである。	ミシェル・ド・モンテーニュ
happiness	運命	たいていの人々は、運命に過度の要求をすることによって、 自ら不満の種をつくっている。	フンボルト
happiness	運命	人間は自己の運命を創造するのであって、 これを迎えるものではない。	ヴィルマン
happiness	運命	運は我々から富を奪うことはできても、 勇気を奪うことはできない。	セネカ
happiness	運命	三度炊く飯さえ硬し軟らかし思うままにはならぬ世の中	魯山人
happiness	運命	雨は一人だけに降り注ぐわけではない。	ロングフェロー
happiness	運命	運命占星学では、平穏無事な一生、 可もなく不可もない人生が最幸運となっています。	和泉宗章
happiness	運命	今あなたが不運な状態にあるなら、 それはあなたがそうなるように仕向けた結果です。 逆に、今あなたが幸運に恵まれているなら、 それもあなたがそうなるように仕向けた結果です。	J・マーフィー
happiness	運命	この世に運などない。 全ては試練、刑罰、保証ないしは先見である。	ヴォルテール
happiness	運命	平らな道でもつまずくことがある。 人間の運命もそうしたものだ。 神以外に誰も真実を知るものはないのだから。	チェーホフ
happiness	運命	運の悪い人は安心するがよい。 なぜなら、なおいっそうの悪運におちいる心配はないから。	オーヴィット
happiness	運命	未来がどうなるか、あれこれと詮索するのをやめよ。 そして、時がもたらすものが何であれ、贈り物として受けよ。	ホラティウス
happiness	運命	幸運といい、不運といい、それは後になって言えることである。 ただ自分がよいと思うところを現実の条件から裏付けし、 あとは勇を鼓して一歩踏み出すだけである。	大川博
happiness	運命	運命をあざ笑うものが幸運を手に入れるだろう。	ベンジャミン・ディストレイ
happiness	運命	人間は毅然として現実の運命に耐えていくべきだ。 そこには一切の真理が潜んでいる。	ソロー
happiness	運命	運がいいからといって得意になるな。 不運だからといってがっかりするな。	クレオパルス
happiness	運命	強い人間は自分の運命を嘆かない。	ショーペンハウエル
happiness	運命	心が変われば態度が変わる。 態度が変われば習慣が変わる。 習慣が変われば人格が変わる。 人格が変われば運命が変わる。	蓮沼文三
happiness	運命	「運」ってやつは、たえず変わる。 いま後頭部にがんと一撃くわせたかと思うと、 次の瞬間には砂糖をほおばらせてくれたりする。 問題はただ一つ、へこたれてしまわないことだ。	A・シリトー
happiness	運命	誰もが自分の選んだ運命や偶然与えられた運命に満足せず、 他の道を歩んだ人々を羨むのはどういうわけだろう。	ホラーチウス
happiness	運命	人間は、 自分が他人より劣っているのは能力のためでなく、 運のせいだと思いたがるものだ。	プルタルコス
happiness	運命	人生とは、運命がなみなみと注がれている盃である。	ブラックロック
happiness	運命	運命は我々の行為の半分を支配し、 他の半分を我々自身にゆだねる。	ニッコロ・マキャヴェッリ (マキャベリ)
happiness	運命	人間の一生を支配するのは運であって、知恵ではない。	マルクス・トゥッリウス・キケロ
happiness	運命	人の運命を決定するのは、 その人が自分自身をいかに理解しているかということである。	ソロー
happiness	運命	我々は、自ら幸、不幸をつくって、 これに運命なる名称をつける。	ジョンソン
happiness	運命	運命のなかに偶然はない。 人間はある運命に出会う以前に、自分がそれを作っているのだ。	ウィルソン
happiness	運命	人問は毅然として現実の運命に耐えていくべきだ。 そこに一切の真理がひそんでいる。	ヴィンセント・ヴァン・ゴッホ
happiness	運命	運命は、志あるものを導き、志なきものをひきずってゆく。	Ｌ・アンアエウス・セネカ
happiness	真実	私は不幸にも知っている。 時には嘘による外は語られぬ真実もあることを。	芥川 龍之介
happiness	真実	真理に年齢はない	ロダン
happiness	真実	真理は醜いもの	ニーチェ
happiness	真実	人間の細部において個別に判断するものこそ、もっとも真実を言い当てるだろう。	ミシェル・ド・モンテーニュ
happiness	真実	真理はたいまつである。しかも巨大なたいまつである。 だから私たちはみんな目を細めてそのそばを通りすぎようとするのだ。 やけどする事を恐れて。	ヨハン・ヴォルフガング・フォン・ゲーテ
happiness	真実	本当の真実というものはいつでも真実らしくないものだ。 真実をより真実らしく見せるためには、どうしてもそれに嘘を混ぜる必要がある。 だから人間はつねにそうしてきたものだ。	フョードル・ドストエフスキー
happiness	真実	真実の文字は、「人間はこんなに不完全だ」からくる闘争を明らかにする。 われわれ人間は、悪事のできない天使でもないし、 高価な大望を抱くことのできない動物でもない。人間の闘争は続く。	林語堂
happiness	真実	真理！ 眼をしっかり開いて、生命の強烈な息吹を全身の毛穴から吸い込み、 物事をあるがままに見、不幸をまともに見つめ、そして笑うのである！	ロマン・ロラン
happiness	真実	人生の意義は偽をにくみ、真を愛することを学ぶにある。	ブラウニング
happiness	真実	如何に至徳の人でもどこかしらに悪いところがあるように、 人も解釈し自分でも認めつつあるのは疑いもない真実だろうと思う。	夏目 漱石
happiness	真実	真実のない生というのはあり得ない。 真実とはたぶん、生そのもののことだろう。	カフカ
happiness	真実	純朴と純真な真実とは、いかなる時代においても時と場を得る。	ミシェル・ド・モンテーニュ
happiness	真実	一切の書かれたもののうち、 私はただその人がその血をもって書いたものだけを愛する。	ニーチェ
happiness	真実	真実を語るのは実にむずかしい。青年でそれをできる者はまれである。	レフ・トルストイ
happiness	真実	真理は喝采では作れない。是非は投票では決められない。	カーライル
happiness	真実	真理は生み続ける。いかなるものも、これを止めることはできない。	ゾラ
happiness	真実	自己を燈火とし、自己をよりどころとするがよい。 他のものをよりどころとしては成らない。 真理を燈火とし、真理をよりどころとするがよい。 他のものをよりどころとしてはならない。	大般涅槃経
happiness	真実	真理は顔だちはよいが、粗末な着物を着ている。	[詳細]
happiness	真実	真理をみる必要のない人々にとっては、人生はなんと気楽だろう。	ロマン・ロラン
happiness	真実	真理は、我々が持っているもののうちで、もっとも価値あるものだ。 節約しようではないか。	マーク・トウェイン
happiness	真実	もっとも深い真理は、ただもっとも深い愛のみにひらく。	ハイネ
happiness	真実	真理を証するもの三つあり、すなわち天然と人と聖書。	内村鑑三
happiness	真実	すべての偉大なる真理は、最初は冒涜の言葉として出発する。	ショー
happiness	真実	真なるものは全体である。	ヘーゲル
happiness	真実	真理は「時」の娘であり、権威の娘ではない。	フランシス・ベーコン
happiness	真実	真理を尊重するならば、腹背に受難を予期すべし。	デフォ
happiness	真実	人問は毅然として現実の運命に耐えていくべきだ。 そこに一切の真理がひそんでいる。	ヴィンセント・ヴァン・ゴッホ
happiness	真実	事実というものは存在しない。存在するのは解釈だけである。	ニーチェ
happiness	真実	真実には特定の時などない。真実はどんな時代にも真実である。	A.シュヴァイツァー
happiness	真実	ある真実を教えることよりも、いつも真実を見出すにはどうしなければならないかを教えることが問題なのだ。	J.J.ルソー
happiness	真実	人生の目的は悟ることではありません。生きるんです。人間は動物ですから。	岡本太郎
happiness	真実	真実は疑いなく美しい。しかし、嘘もまた同様である。	ラルフ・ワルド・エマーソン
happiness	不幸	人生は学校である。 そこでは幸福より不幸の方が良い教師である。	フリーチェ
happiness	不幸	それ自体の不幸なんてない。 自ら不幸を思うから不幸になるのだ。	アルツィバーシェフ
happiness	不幸	すべての不幸は未来への踏み台にすぎない。	ソロー
happiness	不幸	人間には幸福のほかに、 それとまったく同じだけの不幸がつねに必要である。	フョードル・ドストエフスキー
happiness	不幸	不幸な人間は、 いつも自分が不幸であるということを自慢しているものです。	ラッセル
happiness	不幸	人は自分が幸福であるだけでは満足しない。 他人が不幸でなければ気がすまないのだ。	ルナール
happiness	不幸	不運な時に幸福な時代を思い出すことほど辛いものはない。	ダンテ
happiness	不幸	禍福は糾える縄の如し。	老子
happiness	不幸	他人の悲劇は、常にうんざりするほど月並みである。	オスカー・ワイルド
happiness	不幸	時間がやわらげてくれるような悲しみは一つもない。	マルクス・トゥッリウス・キケロ
happiness	不幸	人間には不幸か、貧乏か、勇気が必要だ。 でないと人間はすぐに思いあがる。	ツルゲーネフ
happiness	不幸	雨は一人だけに降り注ぐわけではない。	ロングフェロー
happiness	不幸	もしある人が自分の不幸な出来事について話したら、 そこにはなにか楽しんでいるものがあると思って差し支えない。 なぜならば、本当にみじめさだけしかないとしたら、 その人はそんなことを口にしないだろうから。	サミュエル・ジョンソン
happiness	不幸	人間には幸福よりも不幸のほうが二倍も多い。	ホロメス
happiness	不幸	不幸はナイフのようなものだ。 ナイフの刃をつかむと手を切るが、とってをつかめば役に立つ。	メルヴィル
happiness	不幸	人間は、自分が考えるほど不幸でもないし、それほど幸福でもない。	ラ・ロシュフーコー
happiness	不幸	結局のところ、最悪の不幸は決して起こらない。 たいていの場合、不幸を予期するから悲惨な目に会うのだ。	バルザック
happiness	不幸	今あなたが不運な状態にあるなら、 それはあなたがそうなるように仕向けた結果です。 逆に、今あなたが幸運に恵まれているなら、 それもあなたがそうなるように仕向けた結果です。	J・マーフィー
happiness	不幸	人は自分が幸福であることを知らないから不幸なのである。	フョードル・ドストエフスキー
happiness	不幸	不幸に対する特効薬はありません。 ただ昔から退屈な忍耐とか、あきらめといった美徳があるのみです。	アルドゥス・ハックリー
happiness	不幸	人生の小さな不幸せは、 我々が大きな不幸を乗り越えていくのを助けてくれる。	エッシェンバッハ
happiness	不幸	明日、なにをすべきか分からない人は不幸である。	ゴーリキ
happiness	不幸	どんな不幸のなかにも幸福がひそんでいる。 どこに良いことがあり、どこに悪いことがあるのか、 我々が知らないだけである。	ゲオルギウ
happiness	不幸	絶望は死にいたる病。	キルケゴール
happiness	不幸	不幸はこれを語ることによって軽くすることができる。	コルニィエ
happiness	不幸	苦しい時には自分よりもっと不幸な男がいたことを考えよ。	ゴーガン
happiness	不幸	大多数の人間は、静かな絶望の生活を送っている。	ヘンリー・デイヴィッド・ソーロー
happiness	不幸	「今が最悪の状態」と言える間は、 まだ最悪の状態ではない。	ウィリアム・シェイクスピア
happiness	不幸	我々は、自ら幸、不幸をつくって、 これに運命なる名称をつける。	ジョンソン
happiness	不幸	不幸なる人々は、さらに不幸な人々によって慰められる。	イソップ
happiness	不幸	いつまでも続く不幸というものはない、 じっと我慢するか勇気をだして追い払うかのいずれかである。	ロマン・ローラン
happiness	不幸	人はおおむね自分で思うほどには幸福でも不幸でもない。 肝心なのは望んだり生きたりすることに飽きないことだ。	ロマン・ロラン
ambition	金	人間よりは金のほうがはるかに頼りになりますよ。頼りにならんのは人の心です。	尾崎 紅葉
ambition	金	私達は金を稼ぐために頭脳をもち、金を使うために心情を持っている。	ジョージ・ファーカー
ambition	金	樫だけが樹ではない。バラだけが花ではない。 多くのつつましい冨が私たちのこの世を豊かにしているのだ。	ジェイムズ・レイ・ハント
ambition	金	欲しいと思うものを買うな。必要なものだけ買え。	カトー
ambition	金	金は肥料のようなものだ。 ばらまけば役に立つが、一ヶ所に積んでおくとひどい臭いがしてくる。	クリント・Ｗ・マーチソン
ambition	金	諸悪の根源は金そのものではなく、金に対する愛である。	サミュエル・スマイルズ
ambition	金	貸すならば、なくしても惜しくないだけの額を貸すことだ。	ジョージ・ハーバード
ambition	金	金儲けのうまい人は、無一文になっても自分自身という財産を持っている。	アラン
ambition	金	あなたがたのなかにはいつでも貧しい者がいるだろう。 というのは、いつでも富める者がいるからなのだ。 富める者、すなわち、所有よりも権力のほうを求める貪欲で冷酷な者が。	ペルナノス
ambition	金	若いときの自分は、金こそ人生でもっとも大切なものだと思っていた。 今、歳をとってみると、その通りだと知った。	オスカー・ワイルド
ambition	金	あらゆる借金の中で人々は税金を一番払いたがらない。 これは政府に対するなんという諷刺であろうか。	ラルフ・ワルド・エマーソン
ambition	金	毎月少しずつお金を貯めていきなさい。 そうすれば年末にはびっくりすることでしょう。あまりの少なさに。	アーネスト・ハスキンズ
ambition	金	たとえ人の生命を奪っても、財布に手をかけてはならぬ。 人は父親の殺されたのは忘れても、財産の失われたことは忘れないからだ。	ニッコロ・マキャヴェッリ (マキャベリ)
ambition	金	お金――手放すとき以外、何の役にも立たぬ恩恵物。	A・ビアス
ambition	金	貧乏には、楽しいことが沢山あるに違いない。 でなければ、こんなに沢山の人が貧乏であるわけがない	ドン・ヘロルド
ambition	金	女房と財布は努めて隠しておけ。 あまりたびたび人に見せると、一日借りられる恐れがある。	フランクリン
ambition	金	A「あなたが一番影響を受けた本はなんですか」 B「銀行の預金通帳だよ」	バーナード・ショー
ambition	金	ああ、金、金！ この金のためにどれほど多くの悲しいことがこの世に起こることであろうか！	レフ・トルストイ
ambition	金	なんのために人間は裕福でなければならないのか？ なんのために彼には高価な馬が、立派な服が、美しい部屋が、 公共の娯楽場に入場する権利が必要なのか？ すべてはこれは思考の欠如からきている。 こうした人々に、思考の内的な仕事を与えよ。 さすれば彼は、もっとも冨裕な人々よりも幸福になるだろう。	ラルフ・ワルド・エマーソン
ambition	金	私には、これから一生やっていけるだけの金がある。何も買わなければ。	ジャッキー・メーソン
ambition	金	金の値打ちがわからないのだったら、 でかけていって誰かに借金を申し込んでみるがいい。	フランクリン
ambition	金	貧しさは貧しいと感じるところにある。	ラルフ・ワルド・エマーソン
ambition	金	貧困は僕とって必ずしも憎むべきものではなかった。 なぜなら、太陽と海は決して金では買えなかったから。	アルベール・カミュ
ambition	金	富を欲するか。恥を忍べ、傾絶せよ。故旧を絶ちて、義と背け。 （恥に耐え、命の限りに全力を尽くせ。旧友との交際を絶ち、義理に背け。 もし富を得たいのならば）	孟子
ambition	金	自分のポケットの小銭は、他人のポケットの大金にまさる。	ミゲル・デ・セルバンテス・サアベドラ
ambition	金	女子は月経に支配され、男子は月給に支配される。	長瀬川如是閑
ambition	金	私は反共国家の韓国でも南ベトナムでも、大勢の共産主義者に会った。 それは貧困という名の共産主義者である。	ロベール・ギラン
ambition	金	悪い人間に親切をすると二度ひどい目にあう。 金を失って、しかも感謝されない。	テオグニス
ambition	金	貧困は、人生という海の砂州であり、冨は岩壁である。 幸福な人々は、その間をすり抜けて船を操っていく。	ベルネ
ambition	金	神は人間に額に汗して働けと命じている。 銀行に金を積んで、何もしないで食べていこうとするのは人間の掟に反することだ。	レフ・トルストイ
ambition	金	金は借りてもならず、貸してもならない。 貸せば金を失うし、友も失う。 借りれば倹約が馬鹿らしくなる。	ウィリアム・シェイクスピア
ambition	金	おかしいわよ、金持ちの人がお金でなんでも手に入ると思っているのは。 あたし、そんなもの少しも欲しくない。 好きな人とならどんな汚い部屋だってかまいやしない。 気が向かなかったら、豪邸に住めっていわれたってイヤだわ。 お金なんて……、そう、お金の上でダンスしてみせるわ、つばをひっかけてみせるわ。	E・ゾラ
ambition	金	冨……一人の人間の手に帰した多数の人間の貯蓄。	デブス
ambition	金	愚か者は、金を持って死んでいくために、貧乏で暮らす。	ブロッケス
ambition	金	金は天下のまわりものだ。いつもこちらをよけてまわるのが気にくわないが。	ツルゲーネフ
ambition	金	金持ち連中の軽蔑には容易に耐えられる。 だが一人の恵まれない人の視線は、私の心の底に深く突き刺さってくる。	ジード
ambition	金	金を持たずに済ますことにも、金を儲けるのと同じくらいの苦労と価値がある。	ルナール
ambition	金	世に銭ほど面白き物はなし。	井原西鶴
ambition	金	貧乏はハシカと同じだ。どうせかかるなら早いほうがいい。 貧乏な家に生まれたことを喜べ。	本田静六
ambition	金	人生は海、金は船頭である。船頭がいなければ、うまく世渡りができない。	ヴェツケルリン
ambition	金	君に金がない理由を教えてやろうか。 それは君が金だけをひたすら愛さないからさ。 金というものはね、何もかも愛するような浮気者には身をまかせないものさ。	フィンリー・ダン
ambition	金	人間として最大の美徳は、上手に金をかき集めることである。 つまり、どんなことがあっても他人の厄介になるなということだ。	フョードル・ドストエフスキー
ambition	金	財布は、その中に何か入っていなければボロきれと変わらない。	メルヴィル
ambition	金	夢はいいものです。そうでなかったら、お金が大事です。	魯迅
ambition	金	人々はお金で貴いものは買えないという。 そういう決り文句こそ、貧乏を経験したことのない何よりの証拠だ。	ギッシング
ambition	金	金は我々にとって母親でもあるが、また、我々の死でもある。	ゴーリキ
ambition	金	「貧困は恥ではない」というのは、すべての人間が口にしながら、 誰一人、心では納得していない諺である。	コッツェブー
ambition	金	人は、愛もなく妻を持つように、幸福もなく財産を持つ。	リヴァロール
ambition	金	金は底のない海である。このなかに名誉も良心も心理もみんな投げ込まれる。	カズレー
ambition	金	借金は愚行と犯罪の多産な母親であり、知恵の不足はその父親である。	ベンジャミン・ディスレリィ
ambition	金	地獄の沙汰も金次第。	竹川黙阿弥
ambition	金	金を持っている人間は、 貧乏人がそのはかない運命を訴えることを聞くのが大嫌いである。	フョードル・ドストエフスキー
ambition	金	金持ちの快楽は貧乏人の泪をもって購われている。	トーマス・フラー
ambition	金	もしも心がすべてなら、いとしいお金はなにになる。	フランク・シナトラ
ambition	金	もし他に方法がなければ乞食になってもいい。 しかも乞食になったらその日から、手に入ったお金は自分のためにも、 家族のためにも、無駄なことに絶対に浪費しないという徹底的な粘り強さ。 ――これさえあれば、人間は誰でも金持ちになれるものである。	フョードル・ドストエフスキー
ambition	金	貧乏人の写真が新聞に出るのは、犯罪を犯したときに限られる。	ゴーリキー
ambition	金	金持ちがどんなにその富を自慢しているとしても、 彼がその富をどんなふうに使うかが判るまで、彼をほめてはいけない。	ソクラテス
ambition	金	金のある者は、金があるために不正をし、 金のない者は、金がないために不正なことをする。	武者小路 実篤
ambition	金	金を稼ごうと思ったら、金を使わなければならない。	プラウトゥス
ambition	金	金を失うのは小さく、名誉を失うのは大きい。 しかし、勇気を失うことは全てを失う。	チャーチル
ambition	金	貧乏のいいところは泥棒の恐れがないことだ。	アルフォンス・アレー
ambition	金	金は良い召使いでもあるが、悪い主人でもある。	フランクリン
ambition	金	財産は来るもので、作るものではない。	ヘンリー・フォード
ambition	金	金持ちは世界の隅々にまで従兄弟やおばさんをもっている。 貧乏人が持っている親戚は不幸だけだ。	コッツェブー
ambition	金	金は人間にとって血であり、命である。	アンティファネス
ambition	金	借金して明日起きるより、今夜食わずに寝よ。	フランクリン
ambition	金	いらぬ物を買えば、いるものを売るに至る。	フランクリン
ambition	金	金がないから何もできないという人間は、 金があってもなにも出来ない人間である。	小林一三
ambition	金	貧困と希望は母と娘である。娘と付き合っていると母のほうを忘れる。	ジャン・パウル
ambition	金	財布が軽ければ心は重い。	ヨハン・ヴォルフガング・フォン・ゲーテ
ambition	金	富を軽蔑する人間をあまり信ずるな。 富を得ることに絶望した人間が富を軽蔑するのだ。 こういう人間がたまたま富を得ると、一番始末が悪い人間になる。	フランシス・ベーコン
ambition	金	借金を返すということは収入の問題ではない。性質の問題だ。	ローガン・スミス
ambition	金	金こそは――取るに足らぬ人物を第一級の地位に導いてくれる唯一の道である。	フョードル・ドストエフスキー
ambition	金	富は海の水に似ている。それを飲めば飲むほど、のどが乾いてくる。	ショーペンハウアー
ambition	金	人間のうちの最高の賢者さえも、 金を取りに来る人間よりは、金を持ってくる人間を歓迎する。	リヒテンベルク
ambition	金	ほんとうに大切な自由はただ一つ、「経済的な自由」がそうだ。	モーム
ambition	金	金がないから何もできないという人間は、 金があってもなにも出来ない人間である。	小林一茶
ambition	挑戦	人間、志を立てるのに遅すぎるということはない。	ボールドウィン
ambition	挑戦	PKを外すことができるのは、PKを蹴る勇気を持った者だけだ	ロベルト・バッジョ
ambition	挑戦	現状維持では 後退するばかりである。	ウォルト・ディズニー
ambition	挑戦	人は世界一のゴミ収集人になれる。世界一のモデルにだってなれる。 たとえ何をやろうと、それが世界一なら何も問題はない。	モハメド・アリ
ambition	挑戦	小さいことを積み重ねるのが、とんでもないところへ行くただひとつの道だと思っています	イチロー
ambition	挑戦	どんな馬鹿げた考えでも、行動を起こさないと世界は変わらない。	マイケル ムーア
ambition	挑戦	今日では世の中の動きがあまりに早すぎて、できないという言葉はそれを為す人によって中断される。	ラルフ・ワルド・エマーソン
ambition	挑戦	今を戦えない者に、次とか来年とかを言う資格はない。	ロベルト・バッジョ
ambition	挑戦	今まで出会えた全ての人々にもう一度出会えたらどんなに素敵なことだろう	峯田和伸
ambition	挑戦	昨日より今日、今日より明日、明日より明後日、日々変わり続ける事が大切です。	パスカル・バルボ
ambition	努力	「一体どれだけ努力すればよいか」という人があるが、 「君は人生を何だと思うか」と反問したい。努力して創造していく間こそ人生なのである。	御木徳近
ambition	努力	私たちの人生は、私たちが費やした努力だけの価値がある。	モーリアック
ambition	努力	千日の稽古を鍛とし、万日の稽古を練とす。	宮本武蔵
ambition	努力	努力する人は希望を語り、怠ける人は不満を語る	井上靖
ambition	努力	毎日少しずつ。それがなかなかできねんだなあ	相田みつを
ambition	努力	努力に勝る天才無し	[詳細]
ambition	努力	どんな芸術家でも最初は素人だった。	ラルフ・ワルド・エマーソン
ambition	努力	努力できるということも実力のうち	俵 万智
ambition	教育	少年老い易く、学成り難し。一寸の光陰軽んずべからず。	朱子
ambition	教育	最高の授業には最高の教師と最高の生徒が必要だ	読み人知らず
ambition	教育	人生は卒業後に自分からどれだけ能動的に働きかけたかで決まる。	小柴昌俊
ambition	教育	賢くなろうとして本や黒板に教えを乞うてはならない。 天と地と林と木の葉とは、本当に子供らを賢くするであろう。	ヤン・アモス・コメニウス
ambition	教育	塩の辛さ、砂糖の甘さは学問では理解できない だが、なめてみればすぐ分かる。	松下 幸之助
ambition	教育	人は教えることによって、もっともよく学ぶ	セネカ
ambition	教育	教育は科学であってはなりません。それは芸術でなければならないのです。	シュタイナー
ambition	教育	教えることのできない子供というものはない。あるのは子供達にうまく教えられない学校と教師だけである。	M・アドラー
ambition	教育	昨日の思想によって子供を縛るのは教育ではなく訓練である。 明日の思想によって子供を縛るのもまた教育ではなくて訓練である。 教育は訓練ではない。創造である。	野村芳兵衛
ambition	教育	子供は食う権利がある。子供は遊ぶ権利がある。 子供は寝る権利がある。子供は叱られる権利がある。…… ところが本当に子供を叱る人が少なくて、怒る人が多いのである。	賀川豊彦
ambition	教育	教育の過程はそれ自体を超えるいかなる目的ももっていない。 すなわちそれはそれ自体の目的なのだ。	デューイ
ambition	教育	教えるとは 希望を語ること 学ぶとは 誠実を胸に刻むこと	アラゴン
ambition	教育	２０歳だろうが８０歳だろうが、とにかく学ぶことをやめてしまったものは老人である。 学び続ける者は、みな若い。人生において一番大切なこと は、頭を若く保つことだ。	ヘンリー・フォード
ambition	教育	学べば学ぶほど、自分が何も知らなかった事に気づく、気づけば気づくほどまた学びたくなる。	アルベルト・アインシュタイン
ambition	教育	小中学校で教えられることは教育ではない。教育の手段である。	ラルフ・ワルド・エマーソン
ambition	教育	私は常に学んでいる。墓石が私の卒業証書だ。	アーサー キット
ambition	教育	勉強する事は自分の無知を徐々に発見していく事である。	ウェル デュラント
ambition	教育	学校で学んだことを一切忘れてしまった時に、なお残っているもの、それこそ教育だ。	アインシュタイン
ambition	教育	平凡な教師は言って聞かせる。 よい教師は説明する。 優秀な教師はやってみせる。 しかし最高の教師 は子どもの心に火をつける。	ウィリアム・ウォード
ambition	教育	経験は最良の教師である ただし、授業料が高すぎる。	カーライル
ambition	教育	スローペースで走らせるのも大事なのだ	小出 義雄
ambition	自己	「みんなと同じ事はしたくない」 という、みんなと同じセリフ。	だいたひかる
ambition	自己	自分の言ったことを決して取り消さない人は、真理よりおのれを愛する人間である。	ジュベール
ambition	自己	自愛、自識、自制、 この三者だけが人生を導いて高貴な力に至らしめるものである。	テニソン
ambition	自己	お前の道を進め、人には勝手なことを言わせておけ。	ダンテ
ambition	自己	他人と比較して、他人が自分より優れていたとしても、それは恥ではない。 しかし、去年の自分より今年の自分が優れていないのは立派な恥だ。	ラポック
ambition	自己	状況？何が状況だ。俺が状況をつくるのだ。	ナポレオン・ボナパルト
ambition	自己	あちこち旅をしてまわっても、自分自身から逃れられるものではない。	ヘミングウェイ
ambition	自己	我々は一人で世の中を歩いている。 我々が望むような友情は夢であり、寓話である。	ラルフ・ワルド・エマーソン
ambition	自己	いつも自分を磨いておけ。あなたは世界を見るための窓なのだ。	ジョージ・バーナード・ショー
ambition	自己	あなたは目的があってここにいます。 この広い世界にあなたと同じ人間はいません。 過去にもいなかったし、未来にもいないのです。 あなたは何かの必要を満たすためにここに連れてこられたのです。 このことについて、ゆっくりと考えてみて下さい。	ルー・オースティン
ambition	自己	私を他の連中と比較しないでいただきたいね。 第一にあなたは私という人間を知っていない。 ――それに、他の連中のことも知っていない。	P・ヴァレリー
ambition	自己	自分自身に正直であることはなんと困難なことだろう。 他人に正直である方がはるかにやさしい。	エドワードＦ．ベンソン
ambition	自己	世界を恐れるな。ただ自己を恐れよ。	杉浦重蔵
ambition	自己	自分自身を愛することは、 一生涯続くロマンスを始めることである。	ワイルド
ambition	自己	人みな我が飢を知りて人の飢を知らず。	沢庵宗彭
ambition	自己	我々はつねに自分自身に問わなければならない。 もしみんながそうしたら、どんなことになるだろうと。	サルトル
ambition	自己	山中の賊を破るのは易く、心中の賊を破るのは難し。	王陽明
ambition	自己	いかに多くの人々が汝より前進しているかを見るよりも、 いかに多くの人が汝より遅れているかを考えよ。	セネカ
ambition	自己	一番だまし易い人間は、すなわち、自分自身である。	パルワー・リットン
ambition	自己	目を閉じよ。そしたらお前は見えるだろう。	サムエル・バトラー
ambition	自己	人は、他人と違っているのと同じくらい自分自身とも違っている時がある。	ラ・ロシュフーコー
ambition	自己	僕ぐらい僕に似ていない者はいない。	ジャン＝ジャック・ルソー
ambition	自己	誰かが覆さない限り、世の中のものは覆らない。	ジェームズ.Ａ．ガーフィールド
ambition	自己	誰も称賛してくれる者がいなくても自分のことは自身で称えよ。	バートン
ambition	自己	われ思う、故にわれあり。	デカルト
ambition	自己	たとえあなたが何をしていようとも、それをしている自分を愛せ。	タデウス・ゴラス
ambition	自己	自分自身の道を迷って歩いている子供や青年の方が、 他人の道を間違いなく歩いている人々よりも好ましく思う。	ヨハン・ヴォルフガング・フォン・ゲーテ
ambition	自己	怪物と戦う者は、その際自分が怪物にならぬように気をつけるがいい。 長い間、深淵をのぞきこんでいると、深淵もまた、君をのぞきこむ。	ニーチェ
ambition	自己	私は私。 そのままを受け止めてくれるか、さもなければ放っといて。	ロザリオ・モラレス
ambition	自己	正しかろうが間違っていようが、 自分らしく生きよ。 安易に服従してしまう臆病者よりずっと立派だ。	アービング・ウォレス
ambition	自己	おもしろき こともなき世を おもしろく すみなしものは 心なりけり	高杉晋作
ambition	自己	ある人に合う靴も、別の人には窮屈である。 あらゆるケースに適用する人生の秘訣などない。	カール・グスタフ・ユング
ambition	自己	人に勝つより、自分に勝て。	嘉納 治五郎
ambition	自己	私は私の意見を述べる。それがよい意見だからではなく、私自身の意見だからだ	ミシェル・ド・モンテーニュ
ambition	自己	偶然にしか接触せぬ人々に気に入られるよりも、自分自身に気に入られることが必要である。	ピラン・メーヌ
ambition	自己	自分に打ち勝つことは勝利のうちで最大のものである	プラトン
ambition	自己	作り物の自分を愛されるより、ありのままの自分を憎まれる方がましだ	アンドレ・ジット
ambition	自己	他人を弁護するよりも自己を弁護するのは困難である。疑うものは弁護士を見よ。	芥川 龍之介
ambition	ポジティブ	人間、志を立てるのに遅すぎるということはない。	ボールドウィン
ambition	ポジティブ	行動は必ずしも幸福をもたらさないかも知れないが、 行動のない所に、幸福は、生まれない。	ベンジャミン・ディズレーリ
ambition	ポジティブ	全てが失われようとも、まだ未来が残ってる。	ボヴィー
ambition	ポジティブ	レモンを手に入れたらレモネードを作れ。 すっぱいからといって捨ててしまうな	ジュリアス･ローザンヴォルド
ambition	ポジティブ	あわてず、あせらず、あきらめず	読み人知らず
ambition	ポジティブ	われらの最大の栄光は、一度も失敗しないことではなく、倒れるごとに起きることにある	ゴールドスミス
ambition	ポジティブ	決して倒れないのが良いのではない。 倒れたらすぐ起き上がるのが貴いのである	オリバー・ゴールドスミス
ambition	ポジティブ	現状維持では 後退するばかりである。	ウォルト・ディズニー
ambition	ポジティブ	たとえ明日、世界が滅亡しようとも今日私はリンゴの木を植える。	ルター
ambition	ポジティブ	生きていれば春が来る	福原義春
ambition	ポジティブ	負けても終わりではない。やめたら終わりだ。	ニクソン
ambition	ポジティブ	行動に際して、あまりに臆病になったり神経質になることがないように。すべての人生が実験なのだ。実験すればするほどうまくいく。	ラルフ・ワルド・エマーソン
